دوره,عنوان دوره,مدیر,نوع صندوق,خالص ارزش دارایی (ریال),سهم از کل صنعت
1399-Q1,بهار 1399,سایر مدیران,اهرمی,2790187110198,0.001101
1399-Q1,بهار 1399,سایر مدیران,بازنشستگی,12784604880262,0.005046
1399-Q1,بهار 1399,سایر مدیران,بخشی,2556768336566,0.001009
1399-Q1,بهار 1399,سایر مدیران,جسورانه,783801981410,0.000309
1399-Q1,بهار 1399,سایر مدیران,خصوصی,500020604878,0.000197
1399-Q1,بهار 1399,سایر مدیران,درآمد ثابت,2021937822553691,0.798077
1399-Q1,بهار 1399,سایر مدیران,سهامی,200694596714287,0.079216
1399-Q1,بهار 1399,سایر مدیران,شاخصی,5089815765115,0.002009
1399-Q1,بهار 1399,سایر مدیران,صندوق در صندوق,708459647312,0.00028
1399-Q1,بهار 1399,سایر مدیران,مختلط,18579284486409,0.007333
1399-Q1,بهار 1399,سایر مدیران,پروژه‌ای,9947717806193,0.003926
1399-Q1,بهار 1399,سایر مدیران,کالایی,21844255221531,0.008622
1399-Q1,بهار 1399,سبد گردان کاریزما,درآمد ثابت,38696388486670,0.015274
1399-Q1,بهار 1399,سبد گردان کاریزما,سهامی,7976397951727,0.003148
1399-Q1,بهار 1399,سبد گردان کاریزما,شاخصی,2542119783787,0.001003
1399-Q1,بهار 1399,سبدگردان آگاه,درآمد ثابت,5352359252470,0.002113
1399-Q1,بهار 1399,سبدگردان آگاه,سهامی,26451856548270,0.010441
1399-Q1,بهار 1399,سبدگردان آگاه,مختلط,112196656372,4.4e-05
1399-Q1,بهار 1399,سبدگردان توسعه فیروزه,درآمد ثابت,1831196480006,0.000723
1399-Q1,بهار 1399,سبدگردان توسعه فیروزه,سهامی,1349792542175,0.000533
1399-Q1,بهار 1399,سبدگردان توسعه فیروزه,شاخصی,2169373384509,0.000856
1399-Q1,بهار 1399,سبدگردان فارابی,درآمد ثابت,4596289319590,0.001814
1399-Q1,بهار 1399,سبدگردان فارابی,سهامی,6711526587523,0.002649
1399-Q1,بهار 1399,سبدگردان مفید,درآمد ثابت,61862039088983,0.024418
1399-Q1,بهار 1399,سبدگردان مفید,سهامی,64760293354079,0.025561
1399-Q1,بهار 1399,سبدگردان مفید,مختلط,2500017247124,0.000987
1399-Q1,بهار 1399,سبدگردان مفید,کالایی,2057354499102,0.000812
1399-Q1,بهار 1399,مشاور سرمایه گذاری ترنج,درآمد ثابت,1102910502443,0.000435
1399-Q1,بهار 1399,مشاور سرمایه گذاری ترنج,سهامی,5222451916255,0.002061
1399-Q2,تابستان 1399,سایر مدیران,اهرمی,2860401923856,0.000904
1399-Q2,تابستان 1399,سایر مدیران,بازنشستگی,23400990112349,0.007393
1399-Q2,تابستان 1399,سایر مدیران,بخشی,152456962952515,0.048167
1399-Q2,تابستان 1399,سایر مدیران,جسورانه,780221871011,0.000246
1399-Q2,تابستان 1399,سایر مدیران,خصوصی,501683048484,0.000158
1399-Q2,تابستان 1399,سایر مدیران,درآمد ثابت,2247431596819843,0.710044
1399-Q2,تابستان 1399,سایر مدیران,سهامی,234116685478013,0.073966
1399-Q2,تابستان 1399,سایر مدیران,شاخصی,8323131477529,0.00263
1399-Q2,تابستان 1399,سایر مدیران,صندوق در صندوق,763570975623,0.000241
1399-Q2,تابستان 1399,سایر مدیران,مختلط,27467299713885,0.008678
1399-Q2,تابستان 1399,سایر مدیران,پروژه‌ای,10358353397775,0.003273
1399-Q2,تابستان 1399,سایر مدیران,کالایی,34733711796581,0.010974
1399-Q2,تابستان 1399,سبد گردان اقتصاد بیدار,درآمد ثابت,245602679725,7.8e-05
1399-Q2,تابستان 1399,سبد گردان اقتصاد بیدار,سهامی,4350291012260,0.001374
1399-Q2,تابستان 1399,سبد گردان کاریزما,درآمد ثابت,81575185204541,0.025773
1399-Q2,تابستان 1399,سبد گردان کاریزما,سهامی,9336913379040,0.00295
1399-Q2,تابستان 1399,سبد گردان کاریزما,شاخصی,3346173103123,0.001057
1399-Q2,تابستان 1399,سبدگردان آگاه,درآمد ثابت,19951225099182,0.006303
1399-Q2,تابستان 1399,سبدگردان آگاه,سهامی,25599190875464,0.008088
1399-Q2,تابستان 1399,سبدگردان آگاه,مختلط,167543844170,5.3e-05
1399-Q2,تابستان 1399,سبدگردان توسعه فیروزه,جسورانه,52770753440,1.7e-05
1399-Q2,تابستان 1399,سبدگردان توسعه فیروزه,درآمد ثابت,1936754279267,0.000612
1399-Q2,تابستان 1399,سبدگردان توسعه فیروزه,سهامی,1386388829750,0.000438
1399-Q2,تابستان 1399,سبدگردان توسعه فیروزه,شاخصی,3844515054337,0.001215
1399-Q2,تابستان 1399,سبدگردان فارابی,درآمد ثابت,9531988704723,0.003011
1399-Q2,تابستان 1399,سبدگردان فارابی,سهامی,4872903659663,0.00154
1399-Q2,تابستان 1399,سبدگردان مفید,درآمد ثابت,160119692572379,0.050588
1399-Q2,تابستان 1399,سبدگردان مفید,سهامی,82581422511828,0.02609
1399-Q2,تابستان 1399,سبدگردان مفید,مختلط,3227597707297,0.00102
1399-Q2,تابستان 1399,سبدگردان مفید,کالایی,3308343045287,0.001045
1399-Q2,تابستان 1399,مشاور سرمایه گذاری ترنج,درآمد ثابت,1300282847177,0.000411
1399-Q2,تابستان 1399,مشاور سرمایه گذاری ترنج,سهامی,5271601823961,0.001665
1399-Q3,پاییز 1399,سایر مدیران,اهرمی,2810731663508,0.000834
1399-Q3,پاییز 1399,سایر مدیران,بازنشستگی,19254703584311,0.005712
1399-Q3,پاییز 1399,سایر مدیران,بخشی,249673257750266,0.07407
1399-Q3,پاییز 1399,سایر مدیران,جسورانه,976295727968,0.00029
1399-Q3,پاییز 1399,سایر مدیران,خصوصی,503600804604,0.000149
1399-Q3,پاییز 1399,سایر مدیران,درآمد ثابت,2423708165207615,0.719037
1399-Q3,پاییز 1399,سایر مدیران,سهامی,197505996371859,0.058594
1399-Q3,پاییز 1399,سایر مدیران,شاخصی,7316774947628,0.002171
1399-Q3,پاییز 1399,سایر مدیران,صندوق در صندوق,787371004135,0.000234
1399-Q3,پاییز 1399,سایر مدیران,مختلط,20351100953875,0.006038
1399-Q3,پاییز 1399,سایر مدیران,پروژه‌ای,10357714495277,0.003073
1399-Q3,پاییز 1399,سایر مدیران,کالایی,30369107524729,0.00901
1399-Q3,پاییز 1399,سبد گردان اقتصاد بیدار,درآمد ثابت,181959605203,5.4e-05
1399-Q3,پاییز 1399,سبد گردان اقتصاد بیدار,سهامی,4406311154999,0.001307
1399-Q3,پاییز 1399,سبد گردان کاریزما,درآمد ثابت,94216472068302,0.027951
1399-Q3,پاییز 1399,سبد گردان کاریزما,سهامی,9233138234163,0.002739
1399-Q3,پاییز 1399,سبد گردان کاریزما,شاخصی,2817202410922,0.000836
1399-Q3,پاییز 1399,سبدگردان آگاه,درآمد ثابت,25743042473999,0.007637
1399-Q3,پاییز 1399,سبدگردان آگاه,سهامی,23647846382236,0.007016
1399-Q3,پاییز 1399,سبدگردان آگاه,مختلط,169965401240,5e-05
1399-Q3,پاییز 1399,سبدگردان توسعه فیروزه,جسورانه,53691657291,1.6e-05
1399-Q3,پاییز 1399,سبدگردان توسعه فیروزه,درآمد ثابت,2017508263066,0.000599
1399-Q3,پاییز 1399,سبدگردان توسعه فیروزه,سهامی,1400226469752,0.000415
1399-Q3,پاییز 1399,سبدگردان توسعه فیروزه,شاخصی,3186828904927,0.000945
1399-Q3,پاییز 1399,سبدگردان فارابی,درآمد ثابت,12111875973476,0.003593
1399-Q3,پاییز 1399,سبدگردان فارابی,سهامی,8599251388375,0.002551
1399-Q3,پاییز 1399,سبدگردان مفید,درآمد ثابت,132112401097010,0.039194
1399-Q3,پاییز 1399,سبدگردان مفید,سهامی,74015887801035,0.021958
1399-Q3,پاییز 1399,سبدگردان مفید,مختلط,2799594981888,0.000831
1399-Q3,پاییز 1399,سبدگردان مفید,کالایی,2554305798473,0.000758
1399-Q3,پاییز 1399,مشاور سرمایه گذاری ترنج,درآمد ثابت,1769244818536,0.000525
1399-Q3,پاییز 1399,مشاور سرمایه گذاری ترنج,سهامی,6117133795457,0.001815
1399-Q4,زمستان 1399,سایر مدیران,اهرمی,1442831842699,0.000385
1399-Q4,زمستان 1399,سایر مدیران,بازنشستگی,15506857847183,0.004137
1399-Q4,زمستان 1399,سایر مدیران,بخشی,230025661851043,0.061361
1399-Q4,زمستان 1399,سایر مدیران,جسورانه,1931109887309,0.000515
1399-Q4,زمستان 1399,سایر مدیران,خصوصی,504102035221,0.000134
1399-Q4,زمستان 1399,سایر مدیران,درآمد ثابت,2852673484090156,0.760974
1399-Q4,زمستان 1399,سایر مدیران,سهامی,165413383325603,0.044125
1399-Q4,زمستان 1399,سایر مدیران,شاخصی,7416322515360,0.001978
1399-Q4,زمستان 1399,سایر مدیران,صندوق در صندوق,776810505363,0.000207
1399-Q4,زمستان 1399,سایر مدیران,مختلط,16621691721191,0.004434
1399-Q4,زمستان 1399,سایر مدیران,پروژه‌ای,10578714355023,0.002822
1399-Q4,زمستان 1399,سایر مدیران,کالایی,27428167241643,0.007317
1399-Q4,زمستان 1399,سبد گردان اقتصاد بیدار,درآمد ثابت,461936817596,0.000123
1399-Q4,زمستان 1399,سبد گردان اقتصاد بیدار,سهامی,4241533010294,0.001131
1399-Q4,زمستان 1399,سبد گردان کاریزما,درآمد ثابت,113157234755372,0.030186
1399-Q4,زمستان 1399,سبد گردان کاریزما,سهامی,8599198587031,0.002294
1399-Q4,زمستان 1399,سبد گردان کاریزما,شاخصی,2200678105427,0.000587
1399-Q4,زمستان 1399,سبدگردان آگاه,درآمد ثابت,26402814708432,0.007043
1399-Q4,زمستان 1399,سبدگردان آگاه,سهامی,20313282181137,0.005419
1399-Q4,زمستان 1399,سبدگردان آگاه,مختلط,164741922996,4.4e-05
1399-Q4,زمستان 1399,سبدگردان توسعه فیروزه,جسورانه,54206685784,1.4e-05
1399-Q4,زمستان 1399,سبدگردان توسعه فیروزه,خصوصی,1002200399657,0.000267
1399-Q4,زمستان 1399,سبدگردان توسعه فیروزه,درآمد ثابت,2094171074716,0.000559
1399-Q4,زمستان 1399,سبدگردان توسعه فیروزه,سهامی,1431729223016,0.000382
1399-Q4,زمستان 1399,سبدگردان توسعه فیروزه,شاخصی,2622023603586,0.000699
1399-Q4,زمستان 1399,سبدگردان فارابی,درآمد ثابت,12431623021989,0.003316
1399-Q4,زمستان 1399,سبدگردان فارابی,سهامی,7965064043793,0.002125
1399-Q4,زمستان 1399,سبدگردان مفید,درآمد ثابت,131036878606286,0.034955
1399-Q4,زمستان 1399,سبدگردان مفید,سهامی,68214790195987,0.018197
1399-Q4,زمستان 1399,سبدگردان مفید,مختلط,3322027065674,0.000886
1399-Q4,زمستان 1399,سبدگردان مفید,کالایی,2155437627390,0.000575
1399-Q4,زمستان 1399,مشاور سرمایه گذاری ترنج,درآمد ثابت,3567989019731,0.000952
1399-Q4,زمستان 1399,مشاور سرمایه گذاری ترنج,سهامی,6953967866572,0.001855
1400-Q1,بهار 1400,سایر مدیران,اهرمی,1126855692417,0.000289
1400-Q1,بهار 1400,سایر مدیران,بازنشستگی,12523352228738,0.003206
1400-Q1,بهار 1400,سایر مدیران,بخشی,195931033154845,0.050166
1400-Q1,بهار 1400,سایر مدیران,جسورانه,2121753562031,0.000543
1400-Q1,بهار 1400,سایر مدیران,خصوصی,505695532237,0.000129
1400-Q1,بهار 1400,سایر مدیران,درآمد ثابت,3079574294624845,0.788499
1400-Q1,بهار 1400,سایر مدیران,سهامی,135576266047862,0.034713
1400-Q1,بهار 1400,سایر مدیران,شاخصی,6219699792275,0.001593
1400-Q1,بهار 1400,سایر مدیران,صندوق در صندوق,758033786954,0.000194
1400-Q1,بهار 1400,سایر مدیران,مختلط,14632960010687,0.003747
1400-Q1,بهار 1400,سایر مدیران,پروژه‌ای,10578246984617,0.002708
1400-Q1,بهار 1400,سایر مدیران,کالایی,25986538848665,0.006654
1400-Q1,بهار 1400,سبد گردان اقتصاد بیدار,درآمد ثابت,1187964766586,0.000304
1400-Q1,بهار 1400,سبد گردان اقتصاد بیدار,سهامی,3641435978813,0.000932
1400-Q1,بهار 1400,سبد گردان کاریزما,درآمد ثابت,116188029477483,0.029749
1400-Q1,بهار 1400,سبد گردان کاریزما,سهامی,7556180762983,0.001935
1400-Q1,بهار 1400,سبد گردان کاریزما,شاخصی,1915318667273,0.00049
1400-Q1,بهار 1400,سبدگردان آگاه,درآمد ثابت,33398246442391,0.008551
1400-Q1,بهار 1400,سبدگردان آگاه,سهامی,16435690583237,0.004208
1400-Q1,بهار 1400,سبدگردان آگاه,مختلط,159426210957,4.1e-05
1400-Q1,بهار 1400,سبدگردان توسعه فیروزه,جسورانه,149185821897,3.8e-05
1400-Q1,بهار 1400,سبدگردان توسعه فیروزه,خصوصی,1015301623343,0.00026
1400-Q1,بهار 1400,سبدگردان توسعه فیروزه,درآمد ثابت,2201317830002,0.000564
1400-Q1,بهار 1400,سبدگردان توسعه فیروزه,سهامی,1197608050316,0.000307
1400-Q1,بهار 1400,سبدگردان توسعه فیروزه,شاخصی,2300180551036,0.000589
1400-Q1,بهار 1400,سبدگردان فارابی,درآمد ثابت,10820320632841,0.00277
1400-Q1,بهار 1400,سبدگردان فارابی,سهامی,5771347184643,0.001478
1400-Q1,بهار 1400,سبدگردان مفید,درآمد ثابت,131416670005407,0.033648
1400-Q1,بهار 1400,سبدگردان مفید,سهامی,67264066335227,0.017222
1400-Q1,بهار 1400,سبدگردان مفید,مختلط,2984452491126,0.000764
1400-Q1,بهار 1400,سبدگردان مفید,کالایی,1955321544948,0.000501
1400-Q1,بهار 1400,مشاور سرمایه گذاری ترنج,درآمد ثابت,6849134700175,0.001754
1400-Q1,بهار 1400,مشاور سرمایه گذاری ترنج,سهامی,5674673522646,0.001453
1400-Q2,تابستان 1400,سایر مدیران,اهرمی,1378909409422,0.000321
1400-Q2,تابستان 1400,سایر مدیران,بازنشستگی,14525873193113,0.003383
1400-Q2,تابستان 1400,سایر مدیران,بخشی,219867189560963,0.051212
1400-Q2,تابستان 1400,سایر مدیران,جسورانه,2132078944192,0.000497
1400-Q2,تابستان 1400,سایر مدیران,خصوصی,509780468553,0.000119
1400-Q2,تابستان 1400,سایر مدیران,درآمد ثابت,3297918709889790,0.768161
1400-Q2,تابستان 1400,سایر مدیران,سهامی,152462719560306,0.035512
1400-Q2,تابستان 1400,سایر مدیران,شاخصی,8298828629174,0.001933
1400-Q2,تابستان 1400,سایر مدیران,صندوق در صندوق,1371415735422,0.000319
1400-Q2,تابستان 1400,سایر مدیران,مختلط,14720266505339,0.003429
1400-Q2,تابستان 1400,سایر مدیران,پروژه‌ای,10577541532228,0.002464
1400-Q2,تابستان 1400,سایر مدیران,کالایی,33240049078226,0.007742
1400-Q2,تابستان 1400,سبد گردان اقتصاد بیدار,درآمد ثابت,2137586574215,0.000498
1400-Q2,تابستان 1400,سبد گردان اقتصاد بیدار,سهامی,4361006520085,0.001016
1400-Q2,تابستان 1400,سبد گردان کاریزما,درآمد ثابت,151296762003867,0.03524
1400-Q2,تابستان 1400,سبد گردان کاریزما,سهامی,8385689989254,0.001953
1400-Q2,تابستان 1400,سبد گردان کاریزما,شاخصی,2416452052817,0.000563
1400-Q2,تابستان 1400,سبد گردان کاریزما,مختلط,362716240231,8.4e-05
1400-Q2,تابستان 1400,سبد گردان کاریزما,کالایی,1114554989530,0.00026
1400-Q2,تابستان 1400,سبدگردان آگاه,درآمد ثابت,38614514479375,0.008994
1400-Q2,تابستان 1400,سبدگردان آگاه,سهامی,23101484858753,0.005381
1400-Q2,تابستان 1400,سبدگردان آگاه,مختلط,185006847860,4.3e-05
1400-Q2,تابستان 1400,سبدگردان توسعه فیروزه,جسورانه,151308979237,3.5e-05
1400-Q2,تابستان 1400,سبدگردان توسعه فیروزه,خصوصی,1021027612876,0.000238
1400-Q2,تابستان 1400,سبدگردان توسعه فیروزه,درآمد ثابت,2309258463279,0.000538
1400-Q2,تابستان 1400,سبدگردان توسعه فیروزه,سهامی,1508146274498,0.000351
1400-Q2,تابستان 1400,سبدگردان توسعه فیروزه,شاخصی,2616157703701,0.000609
1400-Q2,تابستان 1400,سبدگردان فارابی,درآمد ثابت,10312284020822,0.002402
1400-Q2,تابستان 1400,سبدگردان فارابی,سهامی,6772340625707,0.001577
1400-Q2,تابستان 1400,سبدگردان مفید,درآمد ثابت,155229597476379,0.036157
1400-Q2,تابستان 1400,سبدگردان مفید,سهامی,96927097099388,0.022577
1400-Q2,تابستان 1400,سبدگردان مفید,مختلط,3815236867218,0.000889
1400-Q2,تابستان 1400,سبدگردان مفید,کالایی,2643962906213,0.000616
1400-Q2,تابستان 1400,مشاور سرمایه گذاری ترنج,درآمد ثابت,11959297231939,0.002786
1400-Q2,تابستان 1400,مشاور سرمایه گذاری ترنج,سهامی,9021274766679,0.002101
1400-Q3,پاییز 1400,سایر مدیران,اهرمی,1541347071964,0.000356
1400-Q3,پاییز 1400,سایر مدیران,بازنشستگی,13428979751377,0.003105
1400-Q3,پاییز 1400,سایر مدیران,بخشی,187904064799532,0.043446
1400-Q3,پاییز 1400,سایر مدیران,جسورانه,3680608668224,0.000851
1400-Q3,پاییز 1400,سایر مدیران,خصوصی,10559204783273,0.002441
1400-Q3,پاییز 1400,سایر مدیران,درآمد ثابت,3398505369264937,0.78578
1400-Q3,پاییز 1400,سایر مدیران,سهامی,135960401164002,0.031436
1400-Q3,پاییز 1400,سایر مدیران,شاخصی,8402590586953,0.001943
1400-Q3,پاییز 1400,سایر مدیران,صندوق در صندوق,1531795648111,0.000354
1400-Q3,پاییز 1400,سایر مدیران,مختلط,13539663761841,0.003131
1400-Q3,پاییز 1400,سایر مدیران,پروژه‌ای,10577109231710,0.002446
1400-Q3,پاییز 1400,سایر مدیران,کالایی,37252972545392,0.008613
1400-Q3,پاییز 1400,سبد گردان اقتصاد بیدار,درآمد ثابت,5926798635831,0.00137
1400-Q3,پاییز 1400,سبد گردان اقتصاد بیدار,سهامی,3701980982010,0.000856
1400-Q3,پاییز 1400,سبد گردان کاریزما,اهرمی,5000377673996,0.001156
1400-Q3,پاییز 1400,سبد گردان کاریزما,درآمد ثابت,114542333763833,0.026484
1400-Q3,پاییز 1400,سبد گردان کاریزما,سهامی,7721498603737,0.001785
1400-Q3,پاییز 1400,سبد گردان کاریزما,شاخصی,2236320769844,0.000517
1400-Q3,پاییز 1400,سبد گردان کاریزما,مختلط,335071110852,7.7e-05
1400-Q3,پاییز 1400,سبد گردان کاریزما,کالایی,1691124032183,0.000391
1400-Q3,پاییز 1400,سبدگردان آگاه,درآمد ثابت,37136564310875,0.008586
1400-Q3,پاییز 1400,سبدگردان آگاه,سهامی,22228287247445,0.005139
1400-Q3,پاییز 1400,سبدگردان آگاه,مختلط,191074248697,4.4e-05
1400-Q3,پاییز 1400,سبدگردان توسعه فیروزه,جسورانه,206055355154,4.8e-05
1400-Q3,پاییز 1400,سبدگردان توسعه فیروزه,خصوصی,1025341934339,0.000237
1400-Q3,پاییز 1400,سبدگردان توسعه فیروزه,درآمد ثابت,2023744849177,0.000468
1400-Q3,پاییز 1400,سبدگردان توسعه فیروزه,سهامی,1622837854124,0.000375
1400-Q3,پاییز 1400,سبدگردان توسعه فیروزه,شاخصی,2556891607448,0.000591
1400-Q3,پاییز 1400,سبدگردان فارابی,درآمد ثابت,8852864506567,0.002047
1400-Q3,پاییز 1400,سبدگردان فارابی,سهامی,5584367112396,0.001291
1400-Q3,پاییز 1400,سبدگردان مفید,درآمد ثابت,147149094976840,0.034023
1400-Q3,پاییز 1400,سبدگردان مفید,سهامی,98408158270230,0.022753
1400-Q3,پاییز 1400,سبدگردان مفید,مختلط,3704109190683,0.000856
1400-Q3,پاییز 1400,سبدگردان مفید,کالایی,3409206379721,0.000788
1400-Q3,پاییز 1400,مشاور سرمایه گذاری ترنج,درآمد ثابت,17217141873349,0.003981
1400-Q3,پاییز 1400,مشاور سرمایه گذاری ترنج,سهامی,8983157053687,0.002077
1400-Q3,پاییز 1400,مشاور سرمایه گذاری ترنج,مختلط,670417860534,0.000155
1400-Q4,زمستان 1400,سایر مدیران,اهرمی,1407158484918,0.000307
1400-Q4,زمستان 1400,سایر مدیران,بازنشستگی,13991945997980,0.003048
1400-Q4,زمستان 1400,سایر مدیران,بخشی,213987754978603,0.04661
1400-Q4,زمستان 1400,سایر مدیران,جسورانه,3947884062128,0.00086
1400-Q4,زمستان 1400,سایر مدیران,خصوصی,10881897379596,0.00237
1400-Q4,زمستان 1400,سایر مدیران,درآمد ثابت,3567212762453985,0.776997
1400-Q4,زمستان 1400,سایر مدیران,سهامی,131828925252967,0.028714
1400-Q4,زمستان 1400,سایر مدیران,شاخصی,8005833420250,0.001744
1400-Q4,زمستان 1400,سایر مدیران,صندوق در صندوق,2189704640676,0.000477
1400-Q4,زمستان 1400,سایر مدیران,مختلط,11803966958481,0.002571
1400-Q4,زمستان 1400,سایر مدیران,پروژه‌ای,10576593167752,0.002304
1400-Q4,زمستان 1400,سایر مدیران,کالایی,30718568464619,0.006691
1400-Q4,زمستان 1400,سبد گردان اقتصاد بیدار,درآمد ثابت,8244573153426,0.001796
1400-Q4,زمستان 1400,سبد گردان اقتصاد بیدار,سهامی,3580609929240,0.00078
1400-Q4,زمستان 1400,سبد گردان کاریزما,اهرمی,5247920182564,0.001143
1400-Q4,زمستان 1400,سبد گردان کاریزما,درآمد ثابت,157697818605670,0.034349
1400-Q4,زمستان 1400,سبد گردان کاریزما,سهامی,7603251520591,0.001656
1400-Q4,زمستان 1400,سبد گردان کاریزما,شاخصی,2115907831218,0.000461
1400-Q4,زمستان 1400,سبد گردان کاریزما,صندوق در صندوق,703531021656,0.000153
1400-Q4,زمستان 1400,سبد گردان کاریزما,مختلط,394601591413,8.6e-05
1400-Q4,زمستان 1400,سبد گردان کاریزما,کالایی,1799601768977,0.000392
1400-Q4,زمستان 1400,سبدگردان آگاه,درآمد ثابت,37835518560092,0.008241
1400-Q4,زمستان 1400,سبدگردان آگاه,سهامی,21425403222043,0.004667
1400-Q4,زمستان 1400,سبدگردان آگاه,مختلط,194384668683,4.2e-05
1400-Q4,زمستان 1400,سبدگردان توسعه فیروزه,جسورانه,211399453280,4.6e-05
1400-Q4,زمستان 1400,سبدگردان توسعه فیروزه,خصوصی,1055633352134,0.00023
1400-Q4,زمستان 1400,سبدگردان توسعه فیروزه,درآمد ثابت,2478545991691,0.00054
1400-Q4,زمستان 1400,سبدگردان توسعه فیروزه,سهامی,1571323403385,0.000342
1400-Q4,زمستان 1400,سبدگردان توسعه فیروزه,شاخصی,2557220401324,0.000557
1400-Q4,زمستان 1400,سبدگردان فارابی,درآمد ثابت,7372581809737,0.001606
1400-Q4,زمستان 1400,سبدگردان فارابی,سهامی,5415997619103,0.00118
1400-Q4,زمستان 1400,سبدگردان مفید,درآمد ثابت,171377002624199,0.037329
1400-Q4,زمستان 1400,سبدگردان مفید,سهامی,93404254771529,0.020345
1400-Q4,زمستان 1400,سبدگردان مفید,شاخصی,5067748757999,0.001104
1400-Q4,زمستان 1400,سبدگردان مفید,مختلط,3590072248810,0.000782
1400-Q4,زمستان 1400,سبدگردان مفید,کالایی,2992010211730,0.000652
1400-Q4,زمستان 1400,مشاور سرمایه گذاری ترنج,درآمد ثابت,31199953011674,0.006796
1400-Q4,زمستان 1400,مشاور سرمایه گذاری ترنج,سهامی,8634383067870,0.001881
1400-Q4,زمستان 1400,مشاور سرمایه گذاری ترنج,مختلط,700990265369,0.000153
1401-Q1,بهار 1401,سایر مدیران,اهرمی,1409086552768,0.000276
1401-Q1,بهار 1401,سایر مدیران,بازنشستگی,15016351815711,0.002939
1401-Q1,بهار 1401,سایر مدیران,بخشی,246058170823461,0.048162
1401-Q1,بهار 1401,سایر مدیران,جسورانه,3976569382664,0.000778
1401-Q1,بهار 1401,سایر مدیران,خصوصی,11127322031259,0.002178
1401-Q1,بهار 1401,سایر مدیران,درآمد ثابت,3945688792966635,0.772313
1401-Q1,بهار 1401,سایر مدیران,سهامی,142599157741236,0.027912
1401-Q1,بهار 1401,سایر مدیران,شاخصی,10246594378000,0.002006
1401-Q1,بهار 1401,سایر مدیران,صندوق در صندوق,2419168093778,0.000474
1401-Q1,بهار 1401,سایر مدیران,مختلط,11736617382936,0.002297
1401-Q1,بهار 1401,سایر مدیران,پروژه‌ای,10576429468200,0.00207
1401-Q1,بهار 1401,سایر مدیران,کالایی,42618470685830,0.008342
1401-Q1,بهار 1401,سبد گردان اقتصاد بیدار,درآمد ثابت,10284265000794,0.002013
1401-Q1,بهار 1401,سبد گردان اقتصاد بیدار,سهامی,4022004418902,0.000787
1401-Q1,بهار 1401,سبد گردان کاریزما,اهرمی,8084554842997,0.001582
1401-Q1,بهار 1401,سبد گردان کاریزما,درآمد ثابت,189778214456404,0.037146
1401-Q1,بهار 1401,سبد گردان کاریزما,سهامی,8858619346997,0.001734
1401-Q1,بهار 1401,سبد گردان کاریزما,شاخصی,2407199192962,0.000471
1401-Q1,بهار 1401,سبد گردان کاریزما,صندوق در صندوق,1048862758248,0.000205
1401-Q1,بهار 1401,سبد گردان کاریزما,مختلط,715597377646,0.00014
1401-Q1,بهار 1401,سبد گردان کاریزما,کالایی,3027196488390,0.000593
1401-Q1,بهار 1401,سبدگردان آگاه,درآمد ثابت,49995202634405,0.009786
1401-Q1,بهار 1401,سبدگردان آگاه,سهامی,22961861773292,0.004494
1401-Q1,بهار 1401,سبدگردان آگاه,مختلط,216677315901,4.2e-05
1401-Q1,بهار 1401,سبدگردان توسعه فیروزه,جسورانه,217218612611,4.3e-05
1401-Q1,بهار 1401,سبدگردان توسعه فیروزه,خصوصی,1074866516944,0.00021
1401-Q1,بهار 1401,سبدگردان توسعه فیروزه,درآمد ثابت,8630570912567,0.001689
1401-Q1,بهار 1401,سبدگردان توسعه فیروزه,سهامی,1818406342384,0.000356
1401-Q1,بهار 1401,سبدگردان توسعه فیروزه,شاخصی,2796409653551,0.000547
1401-Q1,بهار 1401,سبدگردان فارابی,درآمد ثابت,5667927860175,0.001109
1401-Q1,بهار 1401,سبدگردان فارابی,سهامی,6537089034592,0.00128
1401-Q1,بهار 1401,سبدگردان مفید,درآمد ثابت,172239807630379,0.033714
1401-Q1,بهار 1401,سبدگردان مفید,سهامی,107402353080074,0.021023
1401-Q1,بهار 1401,سبدگردان مفید,شاخصی,4488541949200,0.000879
1401-Q1,بهار 1401,سبدگردان مفید,مختلط,3882651500100,0.00076
1401-Q1,بهار 1401,سبدگردان مفید,کالایی,6409227151244,0.001255
1401-Q1,بهار 1401,مشاور سرمایه گذاری ترنج,درآمد ثابت,32741337464653,0.006409
1401-Q1,بهار 1401,مشاور سرمایه گذاری ترنج,سهامی,8780713329197,0.001719
1401-Q1,بهار 1401,مشاور سرمایه گذاری ترنج,مختلط,1363212398888,0.000267
1401-Q2,تابستان 1401,سایر مدیران,اهرمی,1226630648163,0.000225
1401-Q2,تابستان 1401,سایر مدیران,بازنشستگی,11983758761964,0.002202
1401-Q2,تابستان 1401,سایر مدیران,بخشی,213009319087775,0.039147
1401-Q2,تابستان 1401,سایر مدیران,جسورانه,4020887252125,0.000739
1401-Q2,تابستان 1401,سایر مدیران,خصوصی,11315529526035,0.00208
1401-Q2,تابستان 1401,سایر مدیران,درآمد ثابت,4217326033748715,0.775061
1401-Q2,تابستان 1401,سایر مدیران,سهامی,124363839238255,0.022856
1401-Q2,تابستان 1401,سایر مدیران,شاخصی,8924690949263,0.00164
1401-Q2,تابستان 1401,سایر مدیران,صندوق در صندوق,2337566975874,0.00043
1401-Q2,تابستان 1401,سایر مدیران,مختلط,10590451556919,0.001946
1401-Q2,تابستان 1401,سایر مدیران,پروژه‌ای,10576034327534,0.001944
1401-Q2,تابستان 1401,سایر مدیران,کالایی,41345922572551,0.007599
1401-Q2,تابستان 1401,سبد گردان اقتصاد بیدار,درآمد ثابت,14676492742113,0.002697
1401-Q2,تابستان 1401,سبد گردان اقتصاد بیدار,سهامی,3131885316246,0.000576
1401-Q2,تابستان 1401,سبد گردان کاریزما,اهرمی,15764157761562,0.002897
1401-Q2,تابستان 1401,سبد گردان کاریزما,درآمد ثابت,219043542056674,0.040256
1401-Q2,تابستان 1401,سبد گردان کاریزما,سهامی,7960885456170,0.001463
1401-Q2,تابستان 1401,سبد گردان کاریزما,شاخصی,2044361025819,0.000376
1401-Q2,تابستان 1401,سبد گردان کاریزما,صندوق در صندوق,1000027558497,0.000184
1401-Q2,تابستان 1401,سبد گردان کاریزما,مختلط,892989456757,0.000164
1401-Q2,تابستان 1401,سبد گردان کاریزما,کالایی,3574573428909,0.000657
1401-Q2,تابستان 1401,سبدگردان آگاه,درآمد ثابت,67502141000386,0.012406
1401-Q2,تابستان 1401,سبدگردان آگاه,سهامی,20864415649538,0.003834
1401-Q2,تابستان 1401,سبدگردان آگاه,مختلط,206779131901,3.8e-05
1401-Q2,تابستان 1401,سبدگردان توسعه فیروزه,جسورانه,221711708569,4.1e-05
1401-Q2,تابستان 1401,سبدگردان توسعه فیروزه,خصوصی,1085508862285,0.000199
1401-Q2,تابستان 1401,سبدگردان توسعه فیروزه,درآمد ثابت,13249912780019,0.002435
1401-Q2,تابستان 1401,سبدگردان توسعه فیروزه,سهامی,2034066671021,0.000374
1401-Q2,تابستان 1401,سبدگردان توسعه فیروزه,شاخصی,2189100078485,0.000402
1401-Q2,تابستان 1401,سبدگردان فارابی,درآمد ثابت,13377715312257,0.002459
1401-Q2,تابستان 1401,سبدگردان فارابی,سهامی,5418671455277,0.000996
1401-Q2,تابستان 1401,سبدگردان مفید,درآمد ثابت,211027447311085,0.038783
1401-Q2,تابستان 1401,سبدگردان مفید,سهامی,95706122998826,0.017589
1401-Q2,تابستان 1401,سبدگردان مفید,شاخصی,3558005768064,0.000654
1401-Q2,تابستان 1401,سبدگردان مفید,مختلط,3627906459865,0.000667
1401-Q2,تابستان 1401,سبدگردان مفید,کالایی,5684419343618,0.001045
1401-Q2,تابستان 1401,مشاور سرمایه گذاری ترنج,درآمد ثابت,61220403490244,0.011251
1401-Q2,تابستان 1401,مشاور سرمایه گذاری ترنج,سهامی,7668401453034,0.001409
1401-Q2,تابستان 1401,مشاور سرمایه گذاری ترنج,مختلط,1532575436805,0.000282
1401-Q3,پاییز 1401,سایر مدیران,املاک و مستغلات,1657895185521,0.000318
1401-Q3,پاییز 1401,سایر مدیران,اهرمی,1342777704943,0.000257
1401-Q3,پاییز 1401,سایر مدیران,بازنشستگی,13688879886594,0.002623
1401-Q3,پاییز 1401,سایر مدیران,بخشی,243694211974175,0.046691
1401-Q3,پاییز 1401,سایر مدیران,جسورانه,4093655939164,0.000784
1401-Q3,پاییز 1401,سایر مدیران,خصوصی,14821716051330,0.00284
1401-Q3,پاییز 1401,سایر مدیران,درآمد ثابت,3858347456144288,0.739246
1401-Q3,پاییز 1401,سایر مدیران,سهامی,134384152078936,0.025748
1401-Q3,پاییز 1401,سایر مدیران,شاخصی,10291175891926,0.001972
1401-Q3,پاییز 1401,سایر مدیران,صندوق در صندوق,2605714518457,0.000499
1401-Q3,پاییز 1401,سایر مدیران,مختلط,10608110113347,0.002032
1401-Q3,پاییز 1401,سایر مدیران,پروژه‌ای,10897439570724,0.002088
1401-Q3,پاییز 1401,سایر مدیران,کالایی,61533571804875,0.01179
1401-Q3,پاییز 1401,سبد گردان اقتصاد بیدار,درآمد ثابت,15102403291742,0.002894
1401-Q3,پاییز 1401,سبد گردان اقتصاد بیدار,سهامی,3327360817499,0.000638
1401-Q3,پاییز 1401,سبد گردان کاریزما,اهرمی,25445525301473,0.004875
1401-Q3,پاییز 1401,سبد گردان کاریزما,تضمین اصل سرمایه,6596736400138,0.001264
1401-Q3,پاییز 1401,سبد گردان کاریزما,درآمد ثابت,227660360026929,0.043619
1401-Q3,پاییز 1401,سبد گردان کاریزما,سهامی,8731513061312,0.001673
1401-Q3,پاییز 1401,سبد گردان کاریزما,شاخصی,2082456355457,0.000399
1401-Q3,پاییز 1401,سبد گردان کاریزما,صندوق در صندوق,867183692364,0.000166
1401-Q3,پاییز 1401,سبد گردان کاریزما,مختلط,1049314939681,0.000201
1401-Q3,پاییز 1401,سبد گردان کاریزما,کالایی,6050583555856,0.001159
1401-Q3,پاییز 1401,سبدگردان آگاه,درآمد ثابت,60000740116544,0.011496
1401-Q3,پاییز 1401,سبدگردان آگاه,سهامی,24239053790581,0.004644
1401-Q3,پاییز 1401,سبدگردان آگاه,مختلط,230133294072,4.4e-05
1401-Q3,پاییز 1401,سبدگردان توسعه فیروزه,جسورانه,222580124461,4.3e-05
1401-Q3,پاییز 1401,سبدگردان توسعه فیروزه,خصوصی,1086858694329,0.000208
1401-Q3,پاییز 1401,سبدگردان توسعه فیروزه,درآمد ثابت,17184266007739,0.003292
1401-Q3,پاییز 1401,سبدگردان توسعه فیروزه,سهامی,4792568309413,0.000918
1401-Q3,پاییز 1401,سبدگردان توسعه فیروزه,شاخصی,2341735703401,0.000449
1401-Q3,پاییز 1401,سبدگردان فارابی,درآمد ثابت,18700874484803,0.003583
1401-Q3,پاییز 1401,سبدگردان فارابی,سهامی,6039106836015,0.001157
1401-Q3,پاییز 1401,سبدگردان مفید,اهرمی,8000907093220,0.001533
1401-Q3,پاییز 1401,سبدگردان مفید,تضمین اصل سرمایه,2465763368896,0.000472
1401-Q3,پاییز 1401,سبدگردان مفید,درآمد ثابت,201449461378050,0.038597
1401-Q3,پاییز 1401,سبدگردان مفید,سهامی,102957916396404,0.019726
1401-Q3,پاییز 1401,سبدگردان مفید,شاخصی,3637675696493,0.000697
1401-Q3,پاییز 1401,سبدگردان مفید,مختلط,3435574273893,0.000658
1401-Q3,پاییز 1401,سبدگردان مفید,کالایی,11425035125635,0.002189
1401-Q3,پاییز 1401,مشاور سرمایه گذاری ترنج,درآمد ثابت,75561409199448,0.014477
1401-Q3,پاییز 1401,مشاور سرمایه گذاری ترنج,سهامی,7950137603397,0.001523
1401-Q3,پاییز 1401,مشاور سرمایه گذاری ترنج,مختلط,2698108469077,0.000517
1401-Q4,زمستان 1401,سایر مدیران,املاک و مستغلات,1669392589081,0.000299
1401-Q4,زمستان 1401,سایر مدیران,اهرمی,1632580425646,0.000293
1401-Q4,زمستان 1401,سایر مدیران,بازنشستگی,17025100688085,0.003051
1401-Q4,زمستان 1401,سایر مدیران,بخشی,277453764693661,0.049725
1401-Q4,زمستان 1401,سایر مدیران,جسورانه,3249072378752,0.000582
1401-Q4,زمستان 1401,سایر مدیران,خصوصی,15683656285923,0.002811
1401-Q4,زمستان 1401,سایر مدیران,درآمد ثابت,3870703841874383,0.693709
1401-Q4,زمستان 1401,سایر مدیران,سهامی,181135405465736,0.032463
1401-Q4,زمستان 1401,سایر مدیران,شاخصی,20858512625558,0.003738
1401-Q4,زمستان 1401,سایر مدیران,صندوق در صندوق,3067271791580,0.00055
1401-Q4,زمستان 1401,سایر مدیران,مختلط,12720514717425,0.00228
1401-Q4,زمستان 1401,سایر مدیران,پروژه‌ای,11262558362932,0.002018
1401-Q4,زمستان 1401,سایر مدیران,کالایی,101871282843189,0.018257
1401-Q4,زمستان 1401,سبد گردان اقتصاد بیدار,درآمد ثابت,35095635562100,0.00629
1401-Q4,زمستان 1401,سبد گردان اقتصاد بیدار,سهامی,4805596241176,0.000861
1401-Q4,زمستان 1401,سبد گردان کاریزما,اهرمی,55174800252764,0.009888
1401-Q4,زمستان 1401,سبد گردان کاریزما,تضمین اصل سرمایه,11759591451358,0.002108
1401-Q4,زمستان 1401,سبد گردان کاریزما,درآمد ثابت,213755029987710,0.038309
1401-Q4,زمستان 1401,سبد گردان کاریزما,سهامی,18286716344688,0.003277
1401-Q4,زمستان 1401,سبد گردان کاریزما,شاخصی,2800953414323,0.000502
1401-Q4,زمستان 1401,سبد گردان کاریزما,صندوق در صندوق,1066322238569,0.000191
1401-Q4,زمستان 1401,سبد گردان کاریزما,مختلط,1365685365645,0.000245
1401-Q4,زمستان 1401,سبد گردان کاریزما,کالایی,10308216208148,0.001847
1401-Q4,زمستان 1401,سبدگردان آگاه,بخشی,11845334949084,0.002123
1401-Q4,زمستان 1401,سبدگردان آگاه,درآمد ثابت,55730579761561,0.009988
1401-Q4,زمستان 1401,سبدگردان آگاه,سهامی,39574802758798,0.007093
1401-Q4,زمستان 1401,سبدگردان آگاه,مختلط,282878150862,5.1e-05
1401-Q4,زمستان 1401,سبدگردان توسعه فیروزه,جسورانه,229343320275,4.1e-05
1401-Q4,زمستان 1401,سبدگردان توسعه فیروزه,خصوصی,1106849423212,0.000198
1401-Q4,زمستان 1401,سبدگردان توسعه فیروزه,درآمد ثابت,20310999731137,0.00364
1401-Q4,زمستان 1401,سبدگردان توسعه فیروزه,سهامی,8672409618030,0.001554
1401-Q4,زمستان 1401,سبدگردان توسعه فیروزه,شاخصی,4438738099759,0.000796
1401-Q4,زمستان 1401,سبدگردان فارابی,درآمد ثابت,27967580958309,0.005012
1401-Q4,زمستان 1401,سبدگردان فارابی,سهامی,9090008577268,0.001629
1401-Q4,زمستان 1401,سبدگردان مفید,اهرمی,23279228827441,0.004172
1401-Q4,زمستان 1401,سبدگردان مفید,تضمین اصل سرمایه,2832540078287,0.000508
1401-Q4,زمستان 1401,سبدگردان مفید,درآمد ثابت,199065231672717,0.035677
1401-Q4,زمستان 1401,سبدگردان مفید,سهامی,137692163108742,0.024677
1401-Q4,زمستان 1401,سبدگردان مفید,شاخصی,8165376792298,0.001463
1401-Q4,زمستان 1401,سبدگردان مفید,مختلط,4142775167297,0.000742
1401-Q4,زمستان 1401,سبدگردان مفید,کالایی,20541204129576,0.003681
1401-Q4,زمستان 1401,مشاور سرمایه گذاری ترنج,درآمد ثابت,106448210880976,0.019078
1401-Q4,زمستان 1401,مشاور سرمایه گذاری ترنج,سهامی,15770498035624,0.002826
1401-Q4,زمستان 1401,مشاور سرمایه گذاری ترنج,صندوق در صندوق,3967460179129,0.000711
1401-Q4,زمستان 1401,مشاور سرمایه گذاری ترنج,مختلط,5813171874528,0.001042
1402-Q1,بهار 1402,سایر مدیران,املاک و مستغلات,1676244227986,0.000271
1402-Q1,بهار 1402,سایر مدیران,اهرمی,1835123031329,0.000296
1402-Q1,بهار 1402,سایر مدیران,بازنشستگی,18467067888252,0.002982
1402-Q1,بهار 1402,سایر مدیران,بخشی,334410008542630,0.053993
1402-Q1,بهار 1402,سایر مدیران,تضمین اصل سرمایه,268306794696,4.3e-05
1402-Q1,بهار 1402,سایر مدیران,جسورانه,3566413075312,0.000576
1402-Q1,بهار 1402,سایر مدیران,خصوصی,16225220541824,0.00262
1402-Q1,بهار 1402,سایر مدیران,درآمد ثابت,4110317492476433,0.663641
1402-Q1,بهار 1402,سایر مدیران,سهامی,208679747327023,0.033693
1402-Q1,بهار 1402,سایر مدیران,شاخصی,26502452036601,0.004279
1402-Q1,بهار 1402,سایر مدیران,صندوق در صندوق,3116936650562,0.000503
1402-Q1,بهار 1402,سایر مدیران,مختلط,14465585756258,0.002336
1402-Q1,بهار 1402,سایر مدیران,پروژه‌ای,11261062017011,0.001818
1402-Q1,بهار 1402,سایر مدیران,کالایی,106598155804453,0.017211
1402-Q1,بهار 1402,سبد گردان اقتصاد بیدار,درآمد ثابت,33811688821245,0.005459
1402-Q1,بهار 1402,سبد گردان اقتصاد بیدار,سهامی,5437018119608,0.000878
1402-Q1,بهار 1402,سبد گردان کاریزما,اهرمی,74759136903551,0.01207
1402-Q1,بهار 1402,سبد گردان کاریزما,تضمین اصل سرمایه,22606234942974,0.00365
1402-Q1,بهار 1402,سبد گردان کاریزما,درآمد ثابت,294175018260558,0.047497
1402-Q1,بهار 1402,سبد گردان کاریزما,سهامی,20190754637751,0.00326
1402-Q1,بهار 1402,سبد گردان کاریزما,شاخصی,3922716081292,0.000633
1402-Q1,بهار 1402,سبد گردان کاریزما,صندوق در صندوق,1106442848274,0.000179
1402-Q1,بهار 1402,سبد گردان کاریزما,مختلط,1692384244414,0.000273
1402-Q1,بهار 1402,سبد گردان کاریزما,کالایی,17041428091637,0.002751
1402-Q1,بهار 1402,سبدگردان آگاه,اهرمی,7417179222173,0.001198
1402-Q1,بهار 1402,سبدگردان آگاه,بخشی,9637521966999,0.001556
1402-Q1,بهار 1402,سبدگردان آگاه,درآمد ثابت,56993032569875,0.009202
1402-Q1,بهار 1402,سبدگردان آگاه,سهامی,39011301763316,0.006299
1402-Q1,بهار 1402,سبدگردان آگاه,مختلط,306788102596,5e-05
1402-Q1,بهار 1402,سبدگردان توسعه فیروزه,جسورانه,231977002725,3.7e-05
1402-Q1,بهار 1402,سبدگردان توسعه فیروزه,خصوصی,829972126929,0.000134
1402-Q1,بهار 1402,سبدگردان توسعه فیروزه,درآمد ثابت,27010132675583,0.004361
1402-Q1,بهار 1402,سبدگردان توسعه فیروزه,سهامی,11575083486683,0.001869
1402-Q1,بهار 1402,سبدگردان توسعه فیروزه,شاخصی,4731166047603,0.000764
1402-Q1,بهار 1402,سبدگردان فارابی,درآمد ثابت,40440705009449,0.006529
1402-Q1,بهار 1402,سبدگردان فارابی,سهامی,12363835892420,0.001996
1402-Q1,بهار 1402,سبدگردان مفید,اهرمی,38985321236652,0.006294
1402-Q1,بهار 1402,سبدگردان مفید,تضمین اصل سرمایه,5209163186847,0.000841
1402-Q1,بهار 1402,سبدگردان مفید,درآمد ثابت,250212387700487,0.040399
1402-Q1,بهار 1402,سبدگردان مفید,سهامی,153413829506675,0.02477
1402-Q1,بهار 1402,سبدگردان مفید,شاخصی,8453194999106,0.001365
1402-Q1,بهار 1402,سبدگردان مفید,مختلط,4109330877854,0.000663
1402-Q1,بهار 1402,سبدگردان مفید,کالایی,30283234315915,0.004889
1402-Q1,بهار 1402,مشاور سرمایه گذاری ترنج,درآمد ثابت,130208261099914,0.021023
1402-Q1,بهار 1402,مشاور سرمایه گذاری ترنج,سهامی,17922216688215,0.002894
1402-Q1,بهار 1402,مشاور سرمایه گذاری ترنج,صندوق در صندوق,5468157357566,0.000883
1402-Q1,بهار 1402,مشاور سرمایه گذاری ترنج,مختلط,6635727399292,0.001071
1402-Q2,تابستان 1402,سایر مدیران,املاک و مستغلات,1691417209948,0.000257
1402-Q2,تابستان 1402,سایر مدیران,اهرمی,2126484302038,0.000322
1402-Q2,تابستان 1402,سایر مدیران,بازنشستگی,18207980773947,0.002761
1402-Q2,تابستان 1402,سایر مدیران,بخشی,323493641346941,0.04906
1402-Q2,تابستان 1402,سایر مدیران,تضمین اصل سرمایه,2839952010626,0.000431
1402-Q2,تابستان 1402,سایر مدیران,جسورانه,3737210873761,0.000567
1402-Q2,تابستان 1402,سایر مدیران,خصوصی,15673950432936,0.002377
1402-Q2,تابستان 1402,سایر مدیران,درآمد ثابت,4342627037298723,0.658587
1402-Q2,تابستان 1402,سایر مدیران,سهامی,206850985765028,0.03137
1402-Q2,تابستان 1402,سایر مدیران,شاخصی,25417500570465,0.003855
1402-Q2,تابستان 1402,سایر مدیران,صندوق در صندوق,3151339204698,0.000478
1402-Q2,تابستان 1402,سایر مدیران,مختلط,14755023537198,0.002238
1402-Q2,تابستان 1402,سایر مدیران,پروژه‌ای,11259568175706,0.001708
1402-Q2,تابستان 1402,سایر مدیران,کالایی,107280260638218,0.01627
1402-Q2,تابستان 1402,سبد گردان اقتصاد بیدار,درآمد ثابت,40891945346487,0.006202
1402-Q2,تابستان 1402,سبد گردان اقتصاد بیدار,سهامی,5984853753554,0.000908
1402-Q2,تابستان 1402,سبد گردان کاریزما,اهرمی,97973671148058,0.014858
1402-Q2,تابستان 1402,سبد گردان کاریزما,تضمین اصل سرمایه,23417776141084,0.003551
1402-Q2,تابستان 1402,سبد گردان کاریزما,درآمد ثابت,318754394412428,0.048341
1402-Q2,تابستان 1402,سبد گردان کاریزما,سهامی,17518501960656,0.002657
1402-Q2,تابستان 1402,سبد گردان کاریزما,شاخصی,4279558738713,0.000649
1402-Q2,تابستان 1402,سبد گردان کاریزما,صندوق در صندوق,1129523405903,0.000171
1402-Q2,تابستان 1402,سبد گردان کاریزما,مختلط,1769232576405,0.000268
1402-Q2,تابستان 1402,سبد گردان کاریزما,کالایی,20294368963052,0.003078
1402-Q2,تابستان 1402,سبدگردان آگاه,اهرمی,12659751911954,0.00192
1402-Q2,تابستان 1402,سبدگردان آگاه,بخشی,7846681307608,0.00119
1402-Q2,تابستان 1402,سبدگردان آگاه,درآمد ثابت,73925102091895,0.011211
1402-Q2,تابستان 1402,سبدگردان آگاه,سهامی,35060075917444,0.005317
1402-Q2,تابستان 1402,سبدگردان آگاه,مختلط,327740267472,5e-05
1402-Q2,تابستان 1402,سبدگردان توسعه فیروزه,جسورانه,383772367186,5.8e-05
1402-Q2,تابستان 1402,سبدگردان توسعه فیروزه,خصوصی,963843150420,0.000146
1402-Q2,تابستان 1402,سبدگردان توسعه فیروزه,درآمد ثابت,36392012873405,0.005519
1402-Q2,تابستان 1402,سبدگردان توسعه فیروزه,سهامی,12454329683986,0.001889
1402-Q2,تابستان 1402,سبدگردان توسعه فیروزه,شاخصی,4260599692225,0.000646
1402-Q2,تابستان 1402,سبدگردان فارابی,اهرمی,7239460303542,0.001098
1402-Q2,تابستان 1402,سبدگردان فارابی,درآمد ثابت,38645760412596,0.005861
1402-Q2,تابستان 1402,سبدگردان فارابی,سهامی,9945994345229,0.001508
1402-Q2,تابستان 1402,سبدگردان مفید,اهرمی,46685140500785,0.00708
1402-Q2,تابستان 1402,سبدگردان مفید,بخشی,8258742437548,0.001252
1402-Q2,تابستان 1402,سبدگردان مفید,تضمین اصل سرمایه,5565471371152,0.000844
1402-Q2,تابستان 1402,سبدگردان مفید,درآمد ثابت,317731906413760,0.048186
1402-Q2,تابستان 1402,سبدگردان مفید,سهامی,148078162502150,0.022457
1402-Q2,تابستان 1402,سبدگردان مفید,شاخصی,7596938278312,0.001152
1402-Q2,تابستان 1402,سبدگردان مفید,مختلط,4007264014186,0.000608
1402-Q2,تابستان 1402,سبدگردان مفید,کالایی,36578499980593,0.005547
1402-Q2,تابستان 1402,مشاور سرمایه گذاری ترنج,درآمد ثابت,140703533700941,0.021339
1402-Q2,تابستان 1402,مشاور سرمایه گذاری ترنج,سهامی,16963108104009,0.002573
1402-Q2,تابستان 1402,مشاور سرمایه گذاری ترنج,صندوق در صندوق,4041006631896,0.000613
1402-Q2,تابستان 1402,مشاور سرمایه گذاری ترنج,مختلط,6414360003532,0.000973
1402-Q3,پاییز 1402,سایر مدیران,املاک و مستغلات,3347086027956,0.000474
1402-Q3,پاییز 1402,سایر مدیران,اهرمی,2195630829584,0.000311
1402-Q3,پاییز 1402,سایر مدیران,بازنشستگی,18620634408480,0.00264
1402-Q3,پاییز 1402,سایر مدیران,بخشی,327879377388334,0.046479
1402-Q3,پاییز 1402,سایر مدیران,تضمین اصل سرمایه,4985709609717,0.000707
1402-Q3,پاییز 1402,سایر مدیران,جسورانه,3280142614932,0.000465
1402-Q3,پاییز 1402,سایر مدیران,خصوصی,15751493589526,0.002233
1402-Q3,پاییز 1402,سایر مدیران,درآمد ثابت,4480468219089649,0.635141
1402-Q3,پاییز 1402,سایر مدیران,سهامی,238863245108051,0.033861
1402-Q3,پاییز 1402,سایر مدیران,شاخصی,27610478709191,0.003914
1402-Q3,پاییز 1402,سایر مدیران,صندوق در صندوق,3268800984026,0.000463
1402-Q3,پاییز 1402,سایر مدیران,مختلط,16057112176471,0.002276
1402-Q3,پاییز 1402,سایر مدیران,پروژه‌ای,11257713998663,0.001596
1402-Q3,پاییز 1402,سایر مدیران,کالایی,123937855983750,0.017569
1402-Q3,پاییز 1402,سبد گردان اقتصاد بیدار,درآمد ثابت,60420299677440,0.008565
1402-Q3,پاییز 1402,سبد گردان اقتصاد بیدار,سهامی,6632222805630,0.00094
1402-Q3,پاییز 1402,سبد گردان کاریزما,اهرمی,111631508963769,0.015825
1402-Q3,پاییز 1402,سبد گردان کاریزما,بخشی,7687292596660,0.00109
1402-Q3,پاییز 1402,سبد گردان کاریزما,تضمین اصل سرمایه,20438317640637,0.002897
1402-Q3,پاییز 1402,سبد گردان کاریزما,درآمد ثابت,330589792516854,0.046864
1402-Q3,پاییز 1402,سبد گردان کاریزما,سهامی,17477314130697,0.002478
1402-Q3,پاییز 1402,سبد گردان کاریزما,شاخصی,4119807071039,0.000584
1402-Q3,پاییز 1402,سبد گردان کاریزما,صندوق در صندوق,1157860954069,0.000164
1402-Q3,پاییز 1402,سبد گردان کاریزما,مختلط,1781284076545,0.000253
1402-Q3,پاییز 1402,سبد گردان کاریزما,کالایی,26132781568776,0.003705
1402-Q3,پاییز 1402,سبدگردان آگاه,اهرمی,14849105335036,0.002105
1402-Q3,پاییز 1402,سبدگردان آگاه,بخشی,10595966419788,0.001502
1402-Q3,پاییز 1402,سبدگردان آگاه,درآمد ثابت,118817787431989,0.016843
1402-Q3,پاییز 1402,سبدگردان آگاه,سهامی,34921356638578,0.00495
1402-Q3,پاییز 1402,سبدگردان آگاه,مختلط,339376527653,4.8e-05
1402-Q3,پاییز 1402,سبدگردان توسعه فیروزه,اهرمی,14574052874487,0.002066
1402-Q3,پاییز 1402,سبدگردان توسعه فیروزه,جسورانه,389458409503,5.5e-05
1402-Q3,پاییز 1402,سبدگردان توسعه فیروزه,خصوصی,996250019321,0.000141
1402-Q3,پاییز 1402,سبدگردان توسعه فیروزه,درآمد ثابت,47792577557432,0.006775
1402-Q3,پاییز 1402,سبدگردان توسعه فیروزه,سهامی,11153898809679,0.001581
1402-Q3,پاییز 1402,سبدگردان توسعه فیروزه,شاخصی,2964273166294,0.00042
1402-Q3,پاییز 1402,سبدگردان فارابی,اهرمی,14025575552496,0.001988
1402-Q3,پاییز 1402,سبدگردان فارابی,بخشی,1510335643171,0.000214
1402-Q3,پاییز 1402,سبدگردان فارابی,درآمد ثابت,53324698958491,0.007559
1402-Q3,پاییز 1402,سبدگردان فارابی,سهامی,8824472432017,0.001251
1402-Q3,پاییز 1402,سبدگردان مفید,اهرمی,48845203030476,0.006924
1402-Q3,پاییز 1402,سبدگردان مفید,بازنشستگی,5080056277375,0.00072
1402-Q3,پاییز 1402,سبدگردان مفید,بخشی,8037980039095,0.001139
1402-Q3,پاییز 1402,سبدگردان مفید,تضمین اصل سرمایه,6515162004943,0.000924
1402-Q3,پاییز 1402,سبدگردان مفید,درآمد ثابت,395127982528523,0.056012
1402-Q3,پاییز 1402,سبدگردان مفید,سهامی,151166129208712,0.021429
1402-Q3,پاییز 1402,سبدگردان مفید,شاخصی,8072002179057,0.001144
1402-Q3,پاییز 1402,سبدگردان مفید,مختلط,4135853967336,0.000586
1402-Q3,پاییز 1402,سبدگردان مفید,کالایی,48822646389547,0.006921
1402-Q3,پاییز 1402,مشاور سرمایه گذاری ترنج,درآمد ثابت,150400848586661,0.02132
1402-Q3,پاییز 1402,مشاور سرمایه گذاری ترنج,سهامی,17524254899370,0.002484
1402-Q3,پاییز 1402,مشاور سرمایه گذاری ترنج,صندوق در صندوق,3695069355879,0.000524
1402-Q3,پاییز 1402,مشاور سرمایه گذاری ترنج,مختلط,6195855373185,0.000878
1402-Q4,زمستان 1402,سایر مدیران,املاک و مستغلات,20478904224785,0.002967
1402-Q4,زمستان 1402,سایر مدیران,اهرمی,2043936370712,0.000296
1402-Q4,زمستان 1402,سایر مدیران,بازنشستگی,19227258715663,0.002786
1402-Q4,زمستان 1402,سایر مدیران,بخشی,355155494843037,0.051453
1402-Q4,زمستان 1402,سایر مدیران,تضمین اصل سرمایه,5961314014105,0.000864
1402-Q4,زمستان 1402,سایر مدیران,جسورانه,3389110150662,0.000491
1402-Q4,زمستان 1402,سایر مدیران,خصوصی,15514775409421,0.002248
1402-Q4,زمستان 1402,سایر مدیران,درآمد ثابت,4176384421750072,0.605051
1402-Q4,زمستان 1402,سایر مدیران,سهامی,247678876545804,0.035882
1402-Q4,زمستان 1402,سایر مدیران,شاخصی,24772644233549,0.003589
1402-Q4,زمستان 1402,سایر مدیران,صندوق در صندوق,3111574084216,0.000451
1402-Q4,زمستان 1402,سایر مدیران,مختلط,16252714106696,0.002355
1402-Q4,زمستان 1402,سایر مدیران,پروژه‌ای,12959144848944,0.001877
1402-Q4,زمستان 1402,سایر مدیران,کالایی,194798172323582,0.028221
1402-Q4,زمستان 1402,سبد گردان اقتصاد بیدار,درآمد ثابت,61042384653874,0.008843
1402-Q4,زمستان 1402,سبد گردان اقتصاد بیدار,سهامی,7885938265918,0.001142
1402-Q4,زمستان 1402,سبد گردان کاریزما,اهرمی,117747213882466,0.017059
1402-Q4,زمستان 1402,سبد گردان کاریزما,بخشی,5766018656336,0.000835
1402-Q4,زمستان 1402,سبد گردان کاریزما,تضمین اصل سرمایه,16472865310611,0.002386
1402-Q4,زمستان 1402,سبد گردان کاریزما,درآمد ثابت,220610630462303,0.031961
1402-Q4,زمستان 1402,سبد گردان کاریزما,سهامی,13325607502587,0.001931
1402-Q4,زمستان 1402,سبد گردان کاریزما,شاخصی,3575442645907,0.000518
1402-Q4,زمستان 1402,سبد گردان کاریزما,صندوق در صندوق,1293409235615,0.000187
1402-Q4,زمستان 1402,سبد گردان کاریزما,مختلط,1578062916072,0.000229
1402-Q4,زمستان 1402,سبد گردان کاریزما,کالایی,45566989713393,0.006601
1402-Q4,زمستان 1402,سبدگردان آگاه,اهرمی,22957747398794,0.003326
1402-Q4,زمستان 1402,سبدگردان آگاه,بخشی,12199935704466,0.001767
1402-Q4,زمستان 1402,سبدگردان آگاه,درآمد ثابت,102218370489818,0.014809
1402-Q4,زمستان 1402,سبدگردان آگاه,سهامی,33020511755110,0.004784
1402-Q4,زمستان 1402,سبدگردان آگاه,مختلط,337547783607,4.9e-05
1402-Q4,زمستان 1402,سبدگردان آگاه,کالایی,24021695729692,0.00348
1402-Q4,زمستان 1402,سبدگردان توسعه فیروزه,اهرمی,25529747996063,0.003699
1402-Q4,زمستان 1402,سبدگردان توسعه فیروزه,جسورانه,393891751697,5.7e-05
1402-Q4,زمستان 1402,سبدگردان توسعه فیروزه,خصوصی,1133337711434,0.000164
1402-Q4,زمستان 1402,سبدگردان توسعه فیروزه,درآمد ثابت,66108868080862,0.009577
1402-Q4,زمستان 1402,سبدگردان توسعه فیروزه,سهامی,10051972646670,0.001456
1402-Q4,زمستان 1402,سبدگردان توسعه فیروزه,شاخصی,3157223103325,0.000457
1402-Q4,زمستان 1402,سبدگردان فارابی,اهرمی,23009590373347,0.003333
1402-Q4,زمستان 1402,سبدگردان فارابی,بخشی,1636280786908,0.000237
1402-Q4,زمستان 1402,سبدگردان فارابی,درآمد ثابت,59824698332253,0.008667
1402-Q4,زمستان 1402,سبدگردان فارابی,سهامی,8803082169546,0.001275
1402-Q4,زمستان 1402,سبدگردان مفید,اهرمی,54222263110381,0.007855
1402-Q4,زمستان 1402,سبدگردان مفید,بازنشستگی,5840786803670,0.000846
1402-Q4,زمستان 1402,سبدگردان مفید,بخشی,14887995979780,0.002157
1402-Q4,زمستان 1402,سبدگردان مفید,تضمین اصل سرمایه,6835106613261,0.00099
1402-Q4,زمستان 1402,سبدگردان مفید,درآمد ثابت,424439940562363,0.06149
1402-Q4,زمستان 1402,سبدگردان مفید,سهامی,148968067152287,0.021582
1402-Q4,زمستان 1402,سبدگردان مفید,شاخصی,7716004482587,0.001118
1402-Q4,زمستان 1402,سبدگردان مفید,مختلط,3974979508784,0.000576
1402-Q4,زمستان 1402,سبدگردان مفید,کالایی,79883574087083,0.011573
1402-Q4,زمستان 1402,مشاور سرمایه گذاری ترنج,درآمد ثابت,141015245340063,0.020429
1402-Q4,زمستان 1402,مشاور سرمایه گذاری ترنج,سهامی,16484879874620,0.002388
1402-Q4,زمستان 1402,مشاور سرمایه گذاری ترنج,صندوق در صندوق,4334979816078,0.000628
1402-Q4,زمستان 1402,مشاور سرمایه گذاری ترنج,مختلط,6930864579411,0.001004
1403-Q1,بهار 1403,سایر مدیران,املاک و مستغلات,25679140336639,0.003474
1403-Q1,بهار 1403,سایر مدیران,اهرمی,1357727226729,0.000184
1403-Q1,بهار 1403,سایر مدیران,بازنشستگی,17983600037642,0.002433
1403-Q1,بهار 1403,سایر مدیران,بخشی,321995598093560,0.043565
1403-Q1,بهار 1403,سایر مدیران,تضمین اصل سرمایه,11544471484579,0.001562
1403-Q1,بهار 1403,سایر مدیران,جسورانه,2934200811667,0.000397
1403-Q1,بهار 1403,سایر مدیران,خصوصی,15178735514000,0.002054
1403-Q1,بهار 1403,سایر مدیران,درآمد ثابت,4433370270409352,0.599823
1403-Q1,بهار 1403,سایر مدیران,سهامی,227807511715033,0.030822
1403-Q1,بهار 1403,سایر مدیران,شاخصی,20252084690151,0.00274
1403-Q1,بهار 1403,سایر مدیران,صندوق در صندوق,2975182328425,0.000403
1403-Q1,بهار 1403,سایر مدیران,مختلط,15672405028675,0.00212
1403-Q1,بهار 1403,سایر مدیران,پروژه‌ای,12958020685454,0.001753
1403-Q1,بهار 1403,سایر مدیران,کالایی,227177176785794,0.030736
1403-Q1,بهار 1403,سبد گردان اقتصاد بیدار,درآمد ثابت,94141404080520,0.012737
1403-Q1,بهار 1403,سبد گردان اقتصاد بیدار,سهامی,7382956189703,0.000999
1403-Q1,بهار 1403,سبد گردان کاریزما,اهرمی,123223658100772,0.016672
1403-Q1,بهار 1403,سبد گردان کاریزما,بازنشستگی,5235278578998,0.000708
1403-Q1,بهار 1403,سبد گردان کاریزما,بخشی,5068361044791,0.000686
1403-Q1,بهار 1403,سبد گردان کاریزما,تضمین اصل سرمایه,14542926044516,0.001968
1403-Q1,بهار 1403,سبد گردان کاریزما,درآمد ثابت,209431929592520,0.028336
1403-Q1,بهار 1403,سبد گردان کاریزما,سهامی,9799733106595,0.001326
1403-Q1,بهار 1403,سبد گردان کاریزما,شاخصی,2711597090345,0.000367
1403-Q1,بهار 1403,سبد گردان کاریزما,صندوق در صندوق,1104212418976,0.000149
1403-Q1,بهار 1403,سبد گردان کاریزما,مختلط,1343947761075,0.000182
1403-Q1,بهار 1403,سبد گردان کاریزما,کالایی,52654583636236,0.007124
1403-Q1,بهار 1403,سبدگردان آگاه,اهرمی,27843186379929,0.003767
1403-Q1,بهار 1403,سبدگردان آگاه,بخشی,9820872465591,0.001329
1403-Q1,بهار 1403,سبدگردان آگاه,درآمد ثابت,125002911994607,0.016913
1403-Q1,بهار 1403,سبدگردان آگاه,سهامی,28170396456778,0.003811
1403-Q1,بهار 1403,سبدگردان آگاه,مختلط,326759925320,4.4e-05
1403-Q1,بهار 1403,سبدگردان آگاه,کالایی,28003556790153,0.003789
1403-Q1,بهار 1403,سبدگردان توسعه فیروزه,اهرمی,32864547424280,0.004446
1403-Q1,بهار 1403,سبدگردان توسعه فیروزه,جسورانه,546801876570,7.4e-05
1403-Q1,بهار 1403,سبدگردان توسعه فیروزه,خصوصی,1183248116109,0.00016
1403-Q1,بهار 1403,سبدگردان توسعه فیروزه,درآمد ثابت,77443136740394,0.010478
1403-Q1,بهار 1403,سبدگردان توسعه فیروزه,سهامی,8349461443622,0.00113
1403-Q1,بهار 1403,سبدگردان توسعه فیروزه,شاخصی,2415378994199,0.000327
1403-Q1,بهار 1403,سبدگردان فارابی,اهرمی,32081482037712,0.004341
1403-Q1,بهار 1403,سبدگردان فارابی,بخشی,1363453385492,0.000184
1403-Q1,بهار 1403,سبدگردان فارابی,درآمد ثابت,79058792486932,0.010696
1403-Q1,بهار 1403,سبدگردان فارابی,سهامی,7473568909399,0.001011
1403-Q1,بهار 1403,سبدگردان مفید,اهرمی,53055873857369,0.007178
1403-Q1,بهار 1403,سبدگردان مفید,بازنشستگی,5691946715442,0.00077
1403-Q1,بهار 1403,سبدگردان مفید,بخشی,20016021260917,0.002708
1403-Q1,بهار 1403,سبدگردان مفید,تضمین اصل سرمایه,4941613178646,0.000669
1403-Q1,بهار 1403,سبدگردان مفید,درآمد ثابت,537243261109370,0.072688
1403-Q1,بهار 1403,سبدگردان مفید,سهامی,132738959755736,0.017959
1403-Q1,بهار 1403,سبدگردان مفید,شاخصی,6798514358140,0.00092
1403-Q1,بهار 1403,سبدگردان مفید,مختلط,3590962016473,0.000486
1403-Q1,بهار 1403,سبدگردان مفید,کالایی,101136194865336,0.013683
1403-Q1,بهار 1403,مشاور سرمایه گذاری ترنج,درآمد ثابت,175839329857606,0.023791
1403-Q1,بهار 1403,مشاور سرمایه گذاری ترنج,سهامی,15156168950532,0.002051
1403-Q1,بهار 1403,مشاور سرمایه گذاری ترنج,صندوق در صندوق,3721311273075,0.000503
1403-Q1,بهار 1403,مشاور سرمایه گذاری ترنج,مختلط,5723811171437,0.000774
1403-Q2,تابستان 1403,سایر مدیران,املاک و مستغلات,25677990140769,0.002941
1403-Q2,تابستان 1403,سایر مدیران,اهرمی,1421406545576,0.000163
1403-Q2,تابستان 1403,سایر مدیران,بازنشستگی,23420624284234,0.002683
1403-Q2,تابستان 1403,سایر مدیران,بخشی,315304542627428,0.036119
1403-Q2,تابستان 1403,سایر مدیران,تضمین اصل سرمایه,16769389648614,0.001921
1403-Q2,تابستان 1403,سایر مدیران,جسورانه,3018618128588,0.000346
1403-Q2,تابستان 1403,سایر مدیران,خصوصی,15773718347313,0.001807
1403-Q2,تابستان 1403,سایر مدیران,درآمد ثابت,5145362536201311,0.589417
1403-Q2,تابستان 1403,سایر مدیران,سهامی,244969143539167,0.028062
1403-Q2,تابستان 1403,سایر مدیران,شاخصی,16872618858805,0.001933
1403-Q2,تابستان 1403,سایر مدیران,صندوق در صندوق,7586019675781,0.000869
1403-Q2,تابستان 1403,سایر مدیران,مختلط,16266060285270,0.001863
1403-Q2,تابستان 1403,سایر مدیران,پروژه‌ای,12956846372641,0.001484
1403-Q2,تابستان 1403,سایر مدیران,کالایی,294454669423009,0.033731
1403-Q2,تابستان 1403,سبد گردان اقتصاد بیدار,اهرمی,31460775507821,0.003604
1403-Q2,تابستان 1403,سبد گردان اقتصاد بیدار,درآمد ثابت,128412720349382,0.01471
1403-Q2,تابستان 1403,سبد گردان اقتصاد بیدار,سهامی,7318663838422,0.000838
1403-Q2,تابستان 1403,سبد گردان کاریزما,اهرمی,126757924429999,0.01452
1403-Q2,تابستان 1403,سبد گردان کاریزما,بازنشستگی,5423958197262,0.000621
1403-Q2,تابستان 1403,سبد گردان کاریزما,بخشی,6227464754632,0.000713
1403-Q2,تابستان 1403,سبد گردان کاریزما,تضمین اصل سرمایه,15499915399095,0.001776
1403-Q2,تابستان 1403,سبد گردان کاریزما,درآمد ثابت,222434983368706,0.025481
1403-Q2,تابستان 1403,سبد گردان کاریزما,سهامی,10944348771144,0.001254
1403-Q2,تابستان 1403,سبد گردان کاریزما,شاخصی,3048770282852,0.000349
1403-Q2,تابستان 1403,سبد گردان کاریزما,صندوق در صندوق,1590863425075,0.000182
1403-Q2,تابستان 1403,سبد گردان کاریزما,مختلط,1335517472362,0.000153
1403-Q2,تابستان 1403,سبد گردان کاریزما,کالایی,65721413495183,0.007529
1403-Q2,تابستان 1403,سبدگردان آگاه,اهرمی,36076286746214,0.004133
1403-Q2,تابستان 1403,سبدگردان آگاه,بخشی,10382877121454,0.001189
1403-Q2,تابستان 1403,سبدگردان آگاه,درآمد ثابت,153597623220352,0.017595
1403-Q2,تابستان 1403,سبدگردان آگاه,سهامی,30017601912489,0.003439
1403-Q2,تابستان 1403,سبدگردان آگاه,مختلط,353908262536,4.1e-05
1403-Q2,تابستان 1403,سبدگردان آگاه,کالایی,40287353594368,0.004615
1403-Q2,تابستان 1403,سبدگردان توسعه فیروزه,اهرمی,55957709341731,0.00641
1403-Q2,تابستان 1403,سبدگردان توسعه فیروزه,بخشی,10074722307366,0.001154
1403-Q2,تابستان 1403,سبدگردان توسعه فیروزه,جسورانه,568409992206,6.5e-05
1403-Q2,تابستان 1403,سبدگردان توسعه فیروزه,خصوصی,1207433218768,0.000138
1403-Q2,تابستان 1403,سبدگردان توسعه فیروزه,درآمد ثابت,101506024884016,0.011628
1403-Q2,تابستان 1403,سبدگردان توسعه فیروزه,سهامی,8891924935092,0.001019
1403-Q2,تابستان 1403,سبدگردان توسعه فیروزه,شاخصی,2758039887076,0.000316
1403-Q2,تابستان 1403,سبدگردان فارابی,اهرمی,45494623647907,0.005212
1403-Q2,تابستان 1403,سبدگردان فارابی,بخشی,1522796042154,0.000174
1403-Q2,تابستان 1403,سبدگردان فارابی,درآمد ثابت,121070874516902,0.013869
1403-Q2,تابستان 1403,سبدگردان فارابی,سهامی,8562435040591,0.000981
1403-Q2,تابستان 1403,سبدگردان مفید,اهرمی,60445304509124,0.006924
1403-Q2,تابستان 1403,سبدگردان مفید,بازنشستگی,6150067698836,0.000705
1403-Q2,تابستان 1403,سبدگردان مفید,بخشی,20592055709001,0.002359
1403-Q2,تابستان 1403,سبدگردان مفید,تضمین اصل سرمایه,4187671024426,0.00048
1403-Q2,تابستان 1403,سبدگردان مفید,درآمد ثابت,699332899156212,0.080111
1403-Q2,تابستان 1403,سبدگردان مفید,سهامی,140825664087921,0.016132
1403-Q2,تابستان 1403,سبدگردان مفید,شاخصی,6689998681266,0.000766
1403-Q2,تابستان 1403,سبدگردان مفید,مختلط,3642567751210,0.000417
1403-Q2,تابستان 1403,سبدگردان مفید,کالایی,145594323766393,0.016678
1403-Q2,تابستان 1403,مشاور سرمایه گذاری ترنج,اهرمی,26097012546283,0.002989
1403-Q2,تابستان 1403,مشاور سرمایه گذاری ترنج,درآمد ثابت,195822204748692,0.022432
1403-Q2,تابستان 1403,مشاور سرمایه گذاری ترنج,سهامی,16740762219928,0.001918
1403-Q2,تابستان 1403,مشاور سرمایه گذاری ترنج,صندوق در صندوق,3702161447053,0.000424
1403-Q2,تابستان 1403,مشاور سرمایه گذاری ترنج,مختلط,5401071156016,0.000619
1403-Q3,پاییز 1403,سایر مدیران,املاک و مستغلات,26198066755148,0.002533
1403-Q3,پاییز 1403,سایر مدیران,اهرمی,1728917957083,0.000167
1403-Q3,پاییز 1403,سایر مدیران,بازنشستگی,30861508466073,0.002984
1403-Q3,پاییز 1403,سایر مدیران,بخشی,426054428558871,0.041201
1403-Q3,پاییز 1403,سایر مدیران,تضمین اصل سرمایه,18555568978067,0.001794
1403-Q3,پاییز 1403,سایر مدیران,جسورانه,3311686347883,0.00032
1403-Q3,پاییز 1403,سایر مدیران,خصوصی,16884474182887,0.001633
1403-Q3,پاییز 1403,سایر مدیران,درآمد ثابت,5672690771558687,0.548564
1403-Q3,پاییز 1403,سایر مدیران,سهامی,312798684260779,0.030248
1403-Q3,پاییز 1403,سایر مدیران,شاخصی,23067277954682,0.002231
1403-Q3,پاییز 1403,سایر مدیران,صندوق در صندوق,9105526437282,0.000881
1403-Q3,پاییز 1403,سایر مدیران,مختلط,16714583377838,0.001616
1403-Q3,پاییز 1403,سایر مدیران,پروژه‌ای,12954999439309,0.001253
1403-Q3,پاییز 1403,سایر مدیران,کالایی,492437468022402,0.04762
1403-Q3,پاییز 1403,سبد گردان اقتصاد بیدار,اهرمی,53907360385657,0.005213
1403-Q3,پاییز 1403,سبد گردان اقتصاد بیدار,درآمد ثابت,135083198266811,0.013063
1403-Q3,پاییز 1403,سبد گردان اقتصاد بیدار,سهامی,13558023506577,0.001311
1403-Q3,پاییز 1403,سبد گردان کاریزما,اهرمی,184170008137885,0.01781
1403-Q3,پاییز 1403,سبد گردان کاریزما,بازنشستگی,6471125141998,0.000626
1403-Q3,پاییز 1403,سبد گردان کاریزما,بخشی,7255986664836,0.000702
1403-Q3,پاییز 1403,سبد گردان کاریزما,تضمین اصل سرمایه,15991064508190,0.001546
1403-Q3,پاییز 1403,سبد گردان کاریزما,درآمد ثابت,253337772332754,0.024498
1403-Q3,پاییز 1403,سبد گردان کاریزما,سهامی,13104072436217,0.001267
1403-Q3,پاییز 1403,سبد گردان کاریزما,شاخصی,3297191519238,0.000319
1403-Q3,پاییز 1403,سبد گردان کاریزما,صندوق در صندوق,2065725771512,0.0002
1403-Q3,پاییز 1403,سبد گردان کاریزما,مختلط,1427638325733,0.000138
1403-Q3,پاییز 1403,سبد گردان کاریزما,کالایی,106120160994922,0.010262
1403-Q3,پاییز 1403,سبدگردان آگاه,املاک و مستغلات,4885594926318,0.000472
1403-Q3,پاییز 1403,سبدگردان آگاه,اهرمی,49906033693547,0.004826
1403-Q3,پاییز 1403,سبدگردان آگاه,بخشی,15928988621211,0.00154
1403-Q3,پاییز 1403,سبدگردان آگاه,درآمد ثابت,176476115262960,0.017066
1403-Q3,پاییز 1403,سبدگردان آگاه,سهامی,41900519788318,0.004052
1403-Q3,پاییز 1403,سبدگردان آگاه,مختلط,401228216667,3.9e-05
1403-Q3,پاییز 1403,سبدگردان آگاه,کالایی,63266471661443,0.006118
1403-Q3,پاییز 1403,سبدگردان توسعه فیروزه,اهرمی,91438104920722,0.008842
1403-Q3,پاییز 1403,سبدگردان توسعه فیروزه,بخشی,13298986299775,0.001286
1403-Q3,پاییز 1403,سبدگردان توسعه فیروزه,جسورانه,577174602643,5.6e-05
1403-Q3,پاییز 1403,سبدگردان توسعه فیروزه,خصوصی,1231475414497,0.000119
1403-Q3,پاییز 1403,سبدگردان توسعه فیروزه,درآمد ثابت,122309055471771,0.011828
1403-Q3,پاییز 1403,سبدگردان توسعه فیروزه,سهامی,11729593602589,0.001134
1403-Q3,پاییز 1403,سبدگردان توسعه فیروزه,شاخصی,5244325827354,0.000507
1403-Q3,پاییز 1403,سبدگردان فارابی,اهرمی,54610902902145,0.005281
1403-Q3,پاییز 1403,سبدگردان فارابی,بخشی,2149424703858,0.000208
1403-Q3,پاییز 1403,سبدگردان فارابی,درآمد ثابت,119067270133262,0.011514
1403-Q3,پاییز 1403,سبدگردان فارابی,سهامی,9353009812208,0.000904
1403-Q3,پاییز 1403,سبدگردان فارابی,کالایی,3971803711300,0.000384
1403-Q3,پاییز 1403,سبدگردان مفید,اهرمی,68764212683582,0.00665
1403-Q3,پاییز 1403,سبدگردان مفید,بازنشستگی,8565868928816,0.000828
1403-Q3,پاییز 1403,سبدگردان مفید,بخشی,44177234076569,0.004272
1403-Q3,پاییز 1403,سبدگردان مفید,تضمین اصل سرمایه,5789854074625,0.00056
1403-Q3,پاییز 1403,سبدگردان مفید,درآمد ثابت,838759551878094,0.08111
1403-Q3,پاییز 1403,سبدگردان مفید,سهامی,183939496731230,0.017787
1403-Q3,پاییز 1403,سبدگردان مفید,شاخصی,9190702707652,0.000889
1403-Q3,پاییز 1403,سبدگردان مفید,مختلط,3837155395758,0.000371
1403-Q3,پاییز 1403,سبدگردان مفید,کالایی,279111477818544,0.026991
1403-Q3,پاییز 1403,مشاور سرمایه گذاری ترنج,اهرمی,30942524255282,0.002992
1403-Q3,پاییز 1403,مشاور سرمایه گذاری ترنج,درآمد ثابت,184036172299554,0.017797
1403-Q3,پاییز 1403,مشاور سرمایه گذاری ترنج,سهامی,23318363994780,0.002255
1403-Q3,پاییز 1403,مشاور سرمایه گذاری ترنج,صندوق در صندوق,3850911634261,0.000372
1403-Q3,پاییز 1403,مشاور سرمایه گذاری ترنج,مختلط,9793099658760,0.000947
1403-Q4,زمستان 1403,سایر مدیران,املاک و مستغلات,26504181492139,0.002208
1403-Q4,زمستان 1403,سایر مدیران,اهرمی,1169628822677,9.7e-05
1403-Q4,زمستان 1403,سایر مدیران,بازنشستگی,29488017372276,0.002456
1403-Q4,زمستان 1403,سایر مدیران,بخشی,452857677848310,0.037722
1403-Q4,زمستان 1403,سایر مدیران,تضمین اصل سرمایه,18981572242784,0.001581
1403-Q4,زمستان 1403,سایر مدیران,جسورانه,6696173157875,0.000558
1403-Q4,زمستان 1403,سایر مدیران,خصوصی,17661288662243,0.001471
1403-Q4,زمستان 1403,سایر مدیران,درآمد ثابت,5912465217178131,0.492491
1403-Q4,زمستان 1403,سایر مدیران,سهامی,315735381311816,0.0263
1403-Q4,زمستان 1403,سایر مدیران,شاخصی,25792826422775,0.002148
1403-Q4,زمستان 1403,سایر مدیران,صندوق در صندوق,9546673675747,0.000795
1403-Q4,زمستان 1403,سایر مدیران,مختلط,17445053328302,0.001453
1403-Q4,زمستان 1403,سایر مدیران,پروژه‌ای,27250445854447,0.00227
1403-Q4,زمستان 1403,سایر مدیران,کالایی,966656380197650,0.08052
1403-Q4,زمستان 1403,سبد گردان اقتصاد بیدار,اهرمی,51924227727212,0.004325
1403-Q4,زمستان 1403,سبد گردان اقتصاد بیدار,درآمد ثابت,158930458966997,0.013238
1403-Q4,زمستان 1403,سبد گردان اقتصاد بیدار,سهامی,16318792855713,0.001359
1403-Q4,زمستان 1403,سبد گردان اقتصاد بیدار,کالایی,4421910792807,0.000368
1403-Q4,زمستان 1403,سبد گردان کاریزما,اهرمی,196072393849713,0.016332
1403-Q4,زمستان 1403,سبد گردان کاریزما,بازنشستگی,6270367461618,0.000522
1403-Q4,زمستان 1403,سبد گردان کاریزما,بخشی,7538652456506,0.000628
1403-Q4,زمستان 1403,سبد گردان کاریزما,تضمین اصل سرمایه,17333439749868,0.001444
1403-Q4,زمستان 1403,سبد گردان کاریزما,درآمد ثابت,273613339638641,0.022791
1403-Q4,زمستان 1403,سبد گردان کاریزما,سهامی,10215638866099,0.000851
1403-Q4,زمستان 1403,سبد گردان کاریزما,شاخصی,2765750167238,0.00023
1403-Q4,زمستان 1403,سبد گردان کاریزما,صندوق در صندوق,2025496324771,0.000169
1403-Q4,زمستان 1403,سبد گردان کاریزما,مختلط,1057227180888,8.8e-05
1403-Q4,زمستان 1403,سبد گردان کاریزما,کالایی,180198386383660,0.01501
1403-Q4,زمستان 1403,سبدگردان آگاه,املاک و مستغلات,5122702460934,0.000427
1403-Q4,زمستان 1403,سبدگردان آگاه,اهرمی,47887549137093,0.003989
1403-Q4,زمستان 1403,سبدگردان آگاه,بازنشستگی,5206508544152,0.000434
1403-Q4,زمستان 1403,سبدگردان آگاه,بخشی,17888893123638,0.00149
1403-Q4,زمستان 1403,سبدگردان آگاه,درآمد ثابت,210973663984416,0.017573
1403-Q4,زمستان 1403,سبدگردان آگاه,سهامی,40335498277738,0.00336
1403-Q4,زمستان 1403,سبدگردان آگاه,مختلط,438510525342,3.7e-05
1403-Q4,زمستان 1403,سبدگردان آگاه,کالایی,116202562629124,0.009679
1403-Q4,زمستان 1403,سبدگردان توسعه فیروزه,اهرمی,109374512512695,0.009111
1403-Q4,زمستان 1403,سبدگردان توسعه فیروزه,بخشی,17648490111018,0.00147
1403-Q4,زمستان 1403,سبدگردان توسعه فیروزه,جسورانه,583145828049,4.9e-05
1403-Q4,زمستان 1403,سبدگردان توسعه فیروزه,خصوصی,1262421846621,0.000105
1403-Q4,زمستان 1403,سبدگردان توسعه فیروزه,درآمد ثابت,134073258016017,0.011168
1403-Q4,زمستان 1403,سبدگردان توسعه فیروزه,سهامی,9546182948215,0.000795
1403-Q4,زمستان 1403,سبدگردان توسعه فیروزه,شاخصی,4718718201420,0.000393
1403-Q4,زمستان 1403,سبدگردان توسعه فیروزه,کالایی,29430235374146,0.002451
1403-Q4,زمستان 1403,سبدگردان فارابی,اهرمی,69384137610942,0.005779
1403-Q4,زمستان 1403,سبدگردان فارابی,بخشی,1957526670672,0.000163
1403-Q4,زمستان 1403,سبدگردان فارابی,درآمد ثابت,150100415158458,0.012503
1403-Q4,زمستان 1403,سبدگردان فارابی,سهامی,8482872516455,0.000707
1403-Q4,زمستان 1403,سبدگردان فارابی,کالایی,14417383944054,0.001201
1403-Q4,زمستان 1403,سبدگردان مفید,اهرمی,82294794002775,0.006855
1403-Q4,زمستان 1403,سبدگردان مفید,بازنشستگی,12076728126622,0.001006
1403-Q4,زمستان 1403,سبدگردان مفید,بخشی,52054125935824,0.004336
1403-Q4,زمستان 1403,سبدگردان مفید,تضمین اصل سرمایه,5475250543893,0.000456
1403-Q4,زمستان 1403,سبدگردان مفید,درآمد ثابت,1008986651694427,0.084046
1403-Q4,زمستان 1403,سبدگردان مفید,سهامی,187621067611882,0.015628
1403-Q4,زمستان 1403,سبدگردان مفید,شاخصی,8098392344663,0.000675
1403-Q4,زمستان 1403,سبدگردان مفید,مختلط,3457260754763,0.000288
1403-Q4,زمستان 1403,سبدگردان مفید,کالایی,580511747373010,0.048355
1403-Q4,زمستان 1403,مشاور سرمایه گذاری ترنج,اهرمی,33295453723067,0.002773
1403-Q4,زمستان 1403,مشاور سرمایه گذاری ترنج,درآمد ثابت,224369276287109,0.018689
1403-Q4,زمستان 1403,مشاور سرمایه گذاری ترنج,سهامی,19956716681242,0.001662
1403-Q4,زمستان 1403,مشاور سرمایه گذاری ترنج,صندوق در صندوق,14411871281160,0.0012
1403-Q4,زمستان 1403,مشاور سرمایه گذاری ترنج,مختلط,20650070259999,0.00172
1404-Q1,بهار 1404,سایر مدیران,املاک و مستغلات,26697942670216,0.002017
1404-Q1,بهار 1404,سایر مدیران,اهرمی,26730610124361,0.00202
1404-Q1,بهار 1404,سایر مدیران,بازنشستگی,37566338819795,0.002839
1404-Q1,بهار 1404,سایر مدیران,بخشی,504412600949901,0.038114
1404-Q1,بهار 1404,سایر مدیران,تضمین اصل سرمایه,20557293831813,0.001553
1404-Q1,بهار 1404,سایر مدیران,جسورانه,6891265574284,0.000521
1404-Q1,بهار 1404,سایر مدیران,خصوصی,19452917995698,0.00147
1404-Q1,بهار 1404,سایر مدیران,درآمد ثابت,6743277728612370,0.50953
1404-Q1,بهار 1404,سایر مدیران,سهامی,365769486605985,0.027638
1404-Q1,بهار 1404,سایر مدیران,شاخصی,29855994111504,0.002256
1404-Q1,بهار 1404,سایر مدیران,صندوق در صندوق,8743194020693,0.000661
1404-Q1,بهار 1404,سایر مدیران,مختلط,21333714156652,0.001612
1404-Q1,بهار 1404,سایر مدیران,پروژه‌ای,27248514523184,0.002059
1404-Q1,بهار 1404,سایر مدیران,کالایی,774326441508403,0.058509
1404-Q1,بهار 1404,سبد گردان اقتصاد بیدار,اهرمی,62500782323414,0.004723
1404-Q1,بهار 1404,سبد گردان اقتصاد بیدار,درآمد ثابت,215311810193516,0.016269
1404-Q1,بهار 1404,سبد گردان اقتصاد بیدار,سهامی,22436906988262,0.001695
1404-Q1,بهار 1404,سبد گردان اقتصاد بیدار,کالایی,4384115932187,0.000331
1404-Q1,بهار 1404,سبد گردان کاریزما,اهرمی,226795214173132,0.017137
1404-Q1,بهار 1404,سبد گردان کاریزما,بازنشستگی,6815846652494,0.000515
1404-Q1,بهار 1404,سبد گردان کاریزما,بخشی,13040020340902,0.000985
1404-Q1,بهار 1404,سبد گردان کاریزما,تضمین اصل سرمایه,19460290492372,0.00147
1404-Q1,بهار 1404,سبد گردان کاریزما,درآمد ثابت,312382173263429,0.023604
1404-Q1,بهار 1404,سبد گردان کاریزما,سهامی,13473606245015,0.001018
1404-Q1,بهار 1404,سبد گردان کاریزما,شاخصی,3196335784350,0.000242
1404-Q1,بهار 1404,سبد گردان کاریزما,صندوق در صندوق,2288577692692,0.000173
1404-Q1,بهار 1404,سبد گردان کاریزما,مختلط,1439347952320,0.000109
1404-Q1,بهار 1404,سبد گردان کاریزما,کالایی,141758932759797,0.010711
1404-Q1,بهار 1404,سبدگردان آگاه,املاک و مستغلات,5271477481908,0.000398
1404-Q1,بهار 1404,سبدگردان آگاه,اهرمی,61967536851990,0.004682
1404-Q1,بهار 1404,سبدگردان آگاه,بازنشستگی,5930132058644,0.000448
1404-Q1,بهار 1404,سبدگردان آگاه,بخشی,28997429355902,0.002191
1404-Q1,بهار 1404,سبدگردان آگاه,درآمد ثابت,319167329750975,0.024117
1404-Q1,بهار 1404,سبدگردان آگاه,سهامی,49994245649610,0.003778
1404-Q1,بهار 1404,سبدگردان آگاه,مختلط,499167924242,3.8e-05
1404-Q1,بهار 1404,سبدگردان آگاه,کالایی,85540748595341,0.006464
1404-Q1,بهار 1404,سبدگردان توسعه فیروزه,اهرمی,132980318146484,0.010048
1404-Q1,بهار 1404,سبدگردان توسعه فیروزه,بخشی,16127527473466,0.001219
1404-Q1,بهار 1404,سبدگردان توسعه فیروزه,جسورانه,588042003113,4.4e-05
1404-Q1,بهار 1404,سبدگردان توسعه فیروزه,خصوصی,1286452953394,9.7e-05
1404-Q1,بهار 1404,سبدگردان توسعه فیروزه,درآمد ثابت,165324213551906,0.012492
1404-Q1,بهار 1404,سبدگردان توسعه فیروزه,سهامی,13481611341484,0.001019
1404-Q1,بهار 1404,سبدگردان توسعه فیروزه,شاخصی,7557582349753,0.000571
1404-Q1,بهار 1404,سبدگردان توسعه فیروزه,کالایی,18101640223138,0.001368
1404-Q1,بهار 1404,سبدگردان فارابی,اهرمی,75400675996555,0.005697
1404-Q1,بهار 1404,سبدگردان فارابی,بخشی,2186213831486,0.000165
1404-Q1,بهار 1404,سبدگردان فارابی,درآمد ثابت,182489161751856,0.013789
1404-Q1,بهار 1404,سبدگردان فارابی,سهامی,10276431023418,0.000776
1404-Q1,بهار 1404,سبدگردان فارابی,کالایی,12139414110246,0.000917
1404-Q1,بهار 1404,سبدگردان مفید,اهرمی,116039852109660,0.008768
1404-Q1,بهار 1404,سبدگردان مفید,بازنشستگی,17675769387800,0.001336
1404-Q1,بهار 1404,سبدگردان مفید,بخشی,60353367366231,0.00456
1404-Q1,بهار 1404,سبدگردان مفید,تضمین اصل سرمایه,8406493134996,0.000635
1404-Q1,بهار 1404,سبدگردان مفید,درآمد ثابت,1067537812350619,0.080664
1404-Q1,بهار 1404,سبدگردان مفید,سهامی,223637294210381,0.016898
1404-Q1,بهار 1404,سبدگردان مفید,شاخصی,9192490474824,0.000695
1404-Q1,بهار 1404,سبدگردان مفید,مختلط,3874364788324,0.000293
1404-Q1,بهار 1404,سبدگردان مفید,کالایی,511584034707047,0.038656
1404-Q1,بهار 1404,مشاور سرمایه گذاری ترنج,اهرمی,63162953080304,0.004773
1404-Q1,بهار 1404,مشاور سرمایه گذاری ترنج,درآمد ثابت,239640364608680,0.018107
1404-Q1,بهار 1404,مشاور سرمایه گذاری ترنج,سهامی,25817311467971,0.001951
1404-Q1,بهار 1404,مشاور سرمایه گذاری ترنج,صندوق در صندوق,6381952218274,0.000482
1404-Q1,بهار 1404,مشاور سرمایه گذاری ترنج,مختلط,27560589756862,0.002083
1404-Q2,تابستان 1404,سایر مدیران,املاک و مستغلات,30626020992798,0.002046
1404-Q2,تابستان 1404,سایر مدیران,اهرمی,22325947098400,0.001491
1404-Q2,تابستان 1404,سایر مدیران,بازنشستگی,21319742177727,0.001424
1404-Q2,تابستان 1404,سایر مدیران,بخشی,431432153118679,0.028822
1404-Q2,تابستان 1404,سایر مدیران,تضمین اصل سرمایه,20521861271205,0.001371
1404-Q2,تابستان 1404,سایر مدیران,جسورانه,6894387187319,0.000461
1404-Q2,تابستان 1404,سایر مدیران,خصوصی,18556033196840,0.00124
1404-Q2,تابستان 1404,سایر مدیران,درآمد ثابت,7325612844537598,0.489382
1404-Q2,تابستان 1404,سایر مدیران,سهامی,304561205282661,0.020346
1404-Q2,تابستان 1404,سایر مدیران,شاخصی,18761830908407,0.001253
1404-Q2,تابستان 1404,سایر مدیران,صندوق در صندوق,9019921357081,0.000603
1404-Q2,تابستان 1404,سایر مدیران,مختلط,18259802060977,0.00122
1404-Q2,تابستان 1404,سایر مدیران,پروژه‌ای,27246533224985,0.00182
1404-Q2,تابستان 1404,سایر مدیران,کالایی,1324985607132562,0.088515
1404-Q2,تابستان 1404,سبد گردان اقتصاد بیدار,اهرمی,41714183316250,0.002787
1404-Q2,تابستان 1404,سبد گردان اقتصاد بیدار,درآمد ثابت,223061939598429,0.014901
1404-Q2,تابستان 1404,سبد گردان اقتصاد بیدار,سهامی,14447178051758,0.000965
1404-Q2,تابستان 1404,سبد گردان اقتصاد بیدار,کالایی,20424974445695,0.001364
1404-Q2,تابستان 1404,سبد گردان کاریزما,اهرمی,169590262286033,0.011329
1404-Q2,تابستان 1404,سبد گردان کاریزما,بازنشستگی,5930514118133,0.000396
1404-Q2,تابستان 1404,سبد گردان کاریزما,بخشی,7465025737362,0.000499
1404-Q2,تابستان 1404,سبد گردان کاریزما,تضمین اصل سرمایه,11662855410656,0.000779
1404-Q2,تابستان 1404,سبد گردان کاریزما,درآمد ثابت,347594614919217,0.023221
1404-Q2,تابستان 1404,سبد گردان کاریزما,سهامی,6893476727392,0.000461
1404-Q2,تابستان 1404,سبد گردان کاریزما,شاخصی,2572360644289,0.000172
1404-Q2,تابستان 1404,سبد گردان کاریزما,صندوق در صندوق,1171148256480,7.8e-05
1404-Q2,تابستان 1404,سبد گردان کاریزما,مختلط,1010445064228,6.8e-05
1404-Q2,تابستان 1404,سبد گردان کاریزما,کالایی,252745872030442,0.016885
1404-Q2,تابستان 1404,سبدگردان آگاه,املاک و مستغلات,5525199107261,0.000369
1404-Q2,تابستان 1404,سبدگردان آگاه,اهرمی,39790950814825,0.002658
1404-Q2,تابستان 1404,سبدگردان آگاه,بازنشستگی,5587783712819,0.000373
1404-Q2,تابستان 1404,سبدگردان آگاه,بخشی,18660460983165,0.001247
1404-Q2,تابستان 1404,سبدگردان آگاه,درآمد ثابت,379840175322567,0.025375
1404-Q2,تابستان 1404,سبدگردان آگاه,سهامی,37126183180395,0.00248
1404-Q2,تابستان 1404,سبدگردان آگاه,مختلط,480256555588,3.2e-05
1404-Q2,تابستان 1404,سبدگردان آگاه,کالایی,163112721035593,0.010897
1404-Q2,تابستان 1404,سبدگردان توسعه فیروزه,اهرمی,116688165516691,0.007795
1404-Q2,تابستان 1404,سبدگردان توسعه فیروزه,بخشی,17724734797881,0.001184
1404-Q2,تابستان 1404,سبدگردان توسعه فیروزه,جسورانه,597909609803,4e-05
1404-Q2,تابستان 1404,سبدگردان توسعه فیروزه,خصوصی,1302107519178,8.7e-05
1404-Q2,تابستان 1404,سبدگردان توسعه فیروزه,درآمد ثابت,196060861673709,0.013098
1404-Q2,تابستان 1404,سبدگردان توسعه فیروزه,سهامی,10450842436235,0.000698
1404-Q2,تابستان 1404,سبدگردان توسعه فیروزه,شاخصی,5490508309115,0.000367
1404-Q2,تابستان 1404,سبدگردان توسعه فیروزه,کالایی,41672112176531,0.002784
1404-Q2,تابستان 1404,سبدگردان فارابی,اهرمی,43697874713701,0.002919
1404-Q2,تابستان 1404,سبدگردان فارابی,بخشی,1818162253431,0.000121
1404-Q2,تابستان 1404,سبدگردان فارابی,درآمد ثابت,219011075558513,0.014631
1404-Q2,تابستان 1404,سبدگردان فارابی,سهامی,8155012871115,0.000545
1404-Q2,تابستان 1404,سبدگردان فارابی,کالایی,9331117872727,0.000623
1404-Q2,تابستان 1404,سبدگردان مفید,اهرمی,78941545994491,0.005274
1404-Q2,تابستان 1404,سبدگردان مفید,بازنشستگی,15371173810000,0.001027
1404-Q2,تابستان 1404,سبدگردان مفید,بخشی,45582435395626,0.003045
1404-Q2,تابستان 1404,سبدگردان مفید,تضمین اصل سرمایه,5975957361498,0.000399
1404-Q2,تابستان 1404,سبدگردان مفید,درآمد ثابت,1325828019845445,0.088571
1404-Q2,تابستان 1404,سبدگردان مفید,سهامی,184358008814742,0.012316
1404-Q2,تابستان 1404,سبدگردان مفید,شاخصی,6352548353700,0.000424
1404-Q2,تابستان 1404,سبدگردان مفید,مختلط,2128015419789,0.000142
1404-Q2,تابستان 1404,سبدگردان مفید,کالایی,915484480367423,0.061158
1404-Q2,تابستان 1404,مشاور سرمایه گذاری ترنج,اهرمی,31057182497775,0.002075
1404-Q2,تابستان 1404,مشاور سرمایه گذاری ترنج,درآمد ثابت,279644558251747,0.018681
1404-Q2,تابستان 1404,مشاور سرمایه گذاری ترنج,سهامی,18185483730991,0.001215
1404-Q2,تابستان 1404,مشاور سرمایه گذاری ترنج,صندوق در صندوق,9354188137382,0.000625
1404-Q2,تابستان 1404,مشاور سرمایه گذاری ترنج,مختلط,31089156872814,0.002077
1404-Q2,تابستان 1404,مشاور سرمایه گذاری ترنج,کالایی,11216746211758,0.000749
1404-Q3,پاییز 1404,سایر مدیران,املاک و مستغلات,31922838391760,0.001673
1404-Q3,پاییز 1404,سایر مدیران,اهرمی,38337397032210,0.002009
1404-Q3,پاییز 1404,سایر مدیران,بازنشستگی,28045397445683,0.00147
1404-Q3,پاییز 1404,سایر مدیران,بخشی,664246391476656,0.034806
1404-Q3,پاییز 1404,سایر مدیران,تضمین اصل سرمایه,23763946265336,0.001245
1404-Q3,پاییز 1404,سایر مدیران,جسورانه,7233211701941,0.000379
1404-Q3,پاییز 1404,سایر مدیران,خصوصی,19218924353432,0.001007
1404-Q3,پاییز 1404,سایر مدیران,درآمد ثابت,8292812957836562,0.434533
1404-Q3,پاییز 1404,سایر مدیران,سهامی,440933120957626,0.023104
1404-Q3,پاییز 1404,سایر مدیران,شاخصی,27237713251543,0.001427
1404-Q3,پاییز 1404,سایر مدیران,صندوق در صندوق,13542935377814,0.00071
1404-Q3,پاییز 1404,سایر مدیران,مختلط,31790644904890,0.001666
1404-Q3,پاییز 1404,سایر مدیران,پروژه‌ای,27244001022411,0.001428
1404-Q3,پاییز 1404,سایر مدیران,کالایی,2070233186650234,0.108478
1404-Q3,پاییز 1404,سبد گردان اقتصاد بیدار,اهرمی,68189880999659,0.003573
1404-Q3,پاییز 1404,سبد گردان اقتصاد بیدار,درآمد ثابت,270106577851339,0.014153
1404-Q3,پاییز 1404,سبد گردان اقتصاد بیدار,سهامی,20471537591566,0.001073
1404-Q3,پاییز 1404,سبد گردان اقتصاد بیدار,کالایی,33943011873439,0.001779
1404-Q3,پاییز 1404,سبد گردان کاریزما,اهرمی,235790980667851,0.012355
1404-Q3,پاییز 1404,سبد گردان کاریزما,بازنشستگی,7975644684917,0.000418
1404-Q3,پاییز 1404,سبد گردان کاریزما,بخشی,9034582848624,0.000473
1404-Q3,پاییز 1404,سبد گردان کاریزما,تضمین اصل سرمایه,6826941804355,0.000358
1404-Q3,پاییز 1404,سبد گردان کاریزما,درآمد ثابت,410408216313202,0.021505
1404-Q3,پاییز 1404,سبد گردان کاریزما,سهامی,11888282682434,0.000623
1404-Q3,پاییز 1404,سبد گردان کاریزما,شاخصی,4382223848053,0.00023
1404-Q3,پاییز 1404,سبد گردان کاریزما,صندوق در صندوق,2070569702420,0.000108
1404-Q3,پاییز 1404,سبد گردان کاریزما,مختلط,3751608108146,0.000197
1404-Q3,پاییز 1404,سبد گردان کاریزما,کالایی,387872214498813,0.020324
1404-Q3,پاییز 1404,سبدگردان آگاه,املاک و مستغلات,5284810138380,0.000277
1404-Q3,پاییز 1404,سبدگردان آگاه,اهرمی,51574553128150,0.002702
1404-Q3,پاییز 1404,سبدگردان آگاه,بازنشستگی,7879681423300,0.000413
1404-Q3,پاییز 1404,سبدگردان آگاه,بخشی,27409465084914,0.001436
1404-Q3,پاییز 1404,سبدگردان آگاه,درآمد ثابت,481489353034776,0.025229
1404-Q3,پاییز 1404,سبدگردان آگاه,سهامی,56049628854960,0.002937
1404-Q3,پاییز 1404,سبدگردان آگاه,مختلط,586308880114,3.1e-05
1404-Q3,پاییز 1404,سبدگردان آگاه,کالایی,261148235781071,0.013684
1404-Q3,پاییز 1404,سبدگردان توسعه فیروزه,اهرمی,143902445325752,0.00754
1404-Q3,پاییز 1404,سبدگردان توسعه فیروزه,بخشی,23202152725220,0.001216
1404-Q3,پاییز 1404,سبدگردان توسعه فیروزه,جسورانه,608599159673,3.2e-05
1404-Q3,پاییز 1404,سبدگردان توسعه فیروزه,خصوصی,1310041184760,6.9e-05
1404-Q3,پاییز 1404,سبدگردان توسعه فیروزه,درآمد ثابت,225710143385766,0.011827
1404-Q3,پاییز 1404,سبدگردان توسعه فیروزه,سهامی,14644289638507,0.000767
1404-Q3,پاییز 1404,سبدگردان توسعه فیروزه,شاخصی,10431242572697,0.000547
1404-Q3,پاییز 1404,سبدگردان توسعه فیروزه,کالایی,64695386307456,0.00339
1404-Q3,پاییز 1404,سبدگردان فارابی,اهرمی,65930503692394,0.003455
1404-Q3,پاییز 1404,سبدگردان فارابی,بخشی,4731057490741,0.000248
1404-Q3,پاییز 1404,سبدگردان فارابی,درآمد ثابت,248509122067239,0.013022
1404-Q3,پاییز 1404,سبدگردان فارابی,سهامی,11920214050092,0.000625
1404-Q3,پاییز 1404,سبدگردان فارابی,کالایی,38110094981286,0.001997
1404-Q3,پاییز 1404,سبدگردان مفید,اهرمی,111846452304410,0.005861
1404-Q3,پاییز 1404,سبدگردان مفید,بازنشستگی,32968748251522,0.001728
1404-Q3,پاییز 1404,سبدگردان مفید,بخشی,68620824687260,0.003596
1404-Q3,پاییز 1404,سبدگردان مفید,تضمین اصل سرمایه,14451926011381,0.000757
1404-Q3,پاییز 1404,سبدگردان مفید,درآمد ثابت,1583427692645661,0.08297
1404-Q3,پاییز 1404,سبدگردان مفید,سهامی,281787692541953,0.014765
1404-Q3,پاییز 1404,سبدگردان مفید,شاخصی,22445940994663,0.001176
1404-Q3,پاییز 1404,سبدگردان مفید,مختلط,2427162777540,0.000127
1404-Q3,پاییز 1404,سبدگردان مفید,کالایی,1535770741397994,0.080472
1404-Q3,پاییز 1404,مشاور سرمایه گذاری ترنج,اهرمی,48528767594181,0.002543
1404-Q3,پاییز 1404,مشاور سرمایه گذاری ترنج,درآمد ثابت,312878461614377,0.016394
1404-Q3,پاییز 1404,مشاور سرمایه گذاری ترنج,سهامی,42479719821013,0.002226
1404-Q3,پاییز 1404,مشاور سرمایه گذاری ترنج,صندوق در صندوق,15655188565378,0.00082
1404-Q3,پاییز 1404,مشاور سرمایه گذاری ترنج,مختلط,49323442587856,0.002584
1404-Q3,پاییز 1404,مشاور سرمایه گذاری ترنج,کالایی,27423389838678,0.001437
1404-Q4,زمستان 1404,سایر مدیران,املاک و مستغلات,73075350249739,0.003348
1404-Q4,زمستان 1404,سایر مدیران,اهرمی,39914809072358,0.001829
1404-Q4,زمستان 1404,سایر مدیران,بازنشستگی,29737317364788,0.001363
1404-Q4,زمستان 1404,سایر مدیران,بخشی,619904194554331,0.028405
1404-Q4,زمستان 1404,سایر مدیران,تضمین اصل سرمایه,24241869730650,0.001111
1404-Q4,زمستان 1404,سایر مدیران,جسورانه,8832969464980,0.000405
1404-Q4,زمستان 1404,سایر مدیران,خصوصی,19388279324660,0.000888
1404-Q4,زمستان 1404,سایر مدیران,درآمد ثابت,9287753361604498,0.42558
1404-Q4,زمستان 1404,سایر مدیران,سهامی,423678926667534,0.019414
1404-Q4,زمستان 1404,سایر مدیران,شاخصی,24166589733380,0.001107
1404-Q4,زمستان 1404,سایر مدیران,صندوق در صندوق,17496901871054,0.000802
1404-Q4,زمستان 1404,سایر مدیران,مختلط,41843352240505,0.001917
1404-Q4,زمستان 1404,سایر مدیران,پروژه‌ای,28410925393084,0.001302
1404-Q4,زمستان 1404,سایر مدیران,کالایی,2724620715462428,0.124846
1404-Q4,زمستان 1404,سبد گردان اقتصاد بیدار,اهرمی,63365259608781,0.002903
1404-Q4,زمستان 1404,سبد گردان اقتصاد بیدار,درآمد ثابت,277250889831894,0.012704
1404-Q4,زمستان 1404,سبد گردان اقتصاد بیدار,سهامی,19246829066859,0.000882
1404-Q4,زمستان 1404,سبد گردان اقتصاد بیدار,کالایی,49723474349945,0.002278
1404-Q4,زمستان 1404,سبد گردان کاریزما,اهرمی,209555162429576,0.009602
1404-Q4,زمستان 1404,سبد گردان کاریزما,بازنشستگی,7621819350894,0.000349
1404-Q4,زمستان 1404,سبد گردان کاریزما,بخشی,7880027602619,0.000361
1404-Q4,زمستان 1404,سبد گردان کاریزما,تضمین اصل سرمایه,5892160983368,0.00027
1404-Q4,زمستان 1404,سبد گردان کاریزما,درآمد ثابت,433840359976040,0.019879
1404-Q4,زمستان 1404,سبد گردان کاریزما,سهامی,11162576828161,0.000511
1404-Q4,زمستان 1404,سبد گردان کاریزما,شاخصی,4222718985534,0.000193
1404-Q4,زمستان 1404,سبد گردان کاریزما,صندوق در صندوق,1284820722346,5.9e-05
1404-Q4,زمستان 1404,سبد گردان کاریزما,مختلط,13745722016387,0.00063
1404-Q4,زمستان 1404,سبد گردان کاریزما,کالایی,545887433662384,0.025013
1404-Q4,زمستان 1404,سبدگردان آگاه,املاک و مستغلات,5547854569687,0.000254
1404-Q4,زمستان 1404,سبدگردان آگاه,اهرمی,48930062345525,0.002242
1404-Q4,زمستان 1404,سبدگردان آگاه,بازنشستگی,8158704639608,0.000374
1404-Q4,زمستان 1404,سبدگردان آگاه,بخشی,27151478321762,0.001244
1404-Q4,زمستان 1404,سبدگردان آگاه,درآمد ثابت,468972938365876,0.021489
1404-Q4,زمستان 1404,سبدگردان آگاه,سهامی,52742214316641,0.002417
1404-Q4,زمستان 1404,سبدگردان آگاه,مختلط,569760645126,2.6e-05
1404-Q4,زمستان 1404,سبدگردان آگاه,کالایی,348102065643348,0.015951
1404-Q4,زمستان 1404,سبدگردان توسعه فیروزه,اهرمی,130048198033807,0.005959
1404-Q4,زمستان 1404,سبدگردان توسعه فیروزه,بخشی,18034882308532,0.000826
1404-Q4,زمستان 1404,سبدگردان توسعه فیروزه,جسورانه,611991234642,2.8e-05
1404-Q4,زمستان 1404,سبدگردان توسعه فیروزه,خصوصی,1315794928398,6e-05
1404-Q4,زمستان 1404,سبدگردان توسعه فیروزه,درآمد ثابت,272989081849443,0.012509
1404-Q4,زمستان 1404,سبدگردان توسعه فیروزه,سهامی,14361200965255,0.000658
1404-Q4,زمستان 1404,سبدگردان توسعه فیروزه,شاخصی,9395617079523,0.000431
1404-Q4,زمستان 1404,سبدگردان توسعه فیروزه,کالایی,97419320036475,0.004464
1404-Q4,زمستان 1404,سبدگردان فارابی,اهرمی,64643987664210,0.002962
1404-Q4,زمستان 1404,سبدگردان فارابی,بخشی,4852181258512,0.000222
1404-Q4,زمستان 1404,سبدگردان فارابی,درآمد ثابت,259174605963091,0.011876
1404-Q4,زمستان 1404,سبدگردان فارابی,سهامی,10947519647639,0.000502
1404-Q4,زمستان 1404,سبدگردان فارابی,کالایی,77001633481995,0.003528
1404-Q4,زمستان 1404,سبدگردان مفید,اهرمی,99703236925031,0.004569
1404-Q4,زمستان 1404,سبدگردان مفید,بازنشستگی,37326018245361,0.00171
1404-Q4,زمستان 1404,سبدگردان مفید,بخشی,63193528116632,0.002896
1404-Q4,زمستان 1404,سبدگردان مفید,تضمین اصل سرمایه,12782016422393,0.000586
1404-Q4,زمستان 1404,سبدگردان مفید,درآمد ثابت,1703161326276570,0.078042
1404-Q4,زمستان 1404,سبدگردان مفید,سهامی,272976576350976,0.012508
1404-Q4,زمستان 1404,سبدگردان مفید,شاخصی,20321524351740,0.000931
1404-Q4,زمستان 1404,سبدگردان مفید,مختلط,2278413533533,0.000104
1404-Q4,زمستان 1404,سبدگردان مفید,کالایی,2141083377802569,0.098108
1404-Q4,زمستان 1404,مشاور سرمایه گذاری ترنج,اهرمی,49690128822677,0.002277
1404-Q4,زمستان 1404,مشاور سرمایه گذاری ترنج,درآمد ثابت,342768698695462,0.015706
1404-Q4,زمستان 1404,مشاور سرمایه گذاری ترنج,سهامی,37125938841122,0.001701
1404-Q4,زمستان 1404,مشاور سرمایه گذاری ترنج,صندوق در صندوق,12876475135023,0.00059
1404-Q4,زمستان 1404,مشاور سرمایه گذاری ترنج,مختلط,62421486866097,0.00286
1404-Q4,زمستان 1404,مشاور سرمایه گذاری ترنج,کالایی,31347458931789,0.001436
1405-Q1,بهار 1405,سایر مدیران,املاک و مستغلات,112917347921076,0.004305
1405-Q1,بهار 1405,سایر مدیران,اهرمی,49443394968952,0.001885
1405-Q1,بهار 1405,سایر مدیران,بازنشستگی,39383357878265,0.001502
1405-Q1,بهار 1405,سایر مدیران,بخشی,965492007818365,0.03681
1405-Q1,بهار 1405,سایر مدیران,تضمین اصل سرمایه,28060315528855,0.00107
1405-Q1,بهار 1405,سایر مدیران,جسورانه,11336759646534,0.000432
1405-Q1,بهار 1405,سایر مدیران,خصوصی,20215213289556,0.000771
1405-Q1,بهار 1405,سایر مدیران,درآمد ثابت,11594905384125013,0.442059
1405-Q1,بهار 1405,سایر مدیران,سهامی,614433162572583,0.023425
1405-Q1,بهار 1405,سایر مدیران,شاخصی,41281058472350,0.001574
1405-Q1,بهار 1405,سایر مدیران,صندوق در صندوق,18140912813182,0.000692
1405-Q1,بهار 1405,سایر مدیران,مختلط,36778985871943,0.001402
1405-Q1,بهار 1405,سایر مدیران,پروژه‌ای,28408525589117,0.001083
1405-Q1,بهار 1405,سایر مدیران,کالایی,2709691298654321,0.103308
1405-Q1,بهار 1405,سبد گردان اقتصاد بیدار,اهرمی,92138153977596,0.003513
1405-Q1,بهار 1405,سبد گردان اقتصاد بیدار,درآمد ثابت,475457648096183,0.018127
1405-Q1,بهار 1405,سبد گردان اقتصاد بیدار,سهامی,24789439425827,0.000945
1405-Q1,بهار 1405,سبد گردان اقتصاد بیدار,کالایی,65364615949902,0.002492
1405-Q1,بهار 1405,سبد گردان کاریزما,املاک و مستغلات,7523404463617,0.000287
1405-Q1,بهار 1405,سبد گردان کاریزما,اهرمی,267701830941823,0.010206
1405-Q1,بهار 1405,سبد گردان کاریزما,بازنشستگی,8878068304886,0.000338
1405-Q1,بهار 1405,سبد گردان کاریزما,بخشی,18814074577445,0.000717
1405-Q1,بهار 1405,سبد گردان کاریزما,تضمین اصل سرمایه,7090117303863,0.00027
1405-Q1,بهار 1405,سبد گردان کاریزما,درآمد ثابت,597831928914476,0.022793
1405-Q1,بهار 1405,سبد گردان کاریزما,سهامی,16965213611448,0.000647
1405-Q1,بهار 1405,سبد گردان کاریزما,شاخصی,9397772031274,0.000358
1405-Q1,بهار 1405,سبد گردان کاریزما,صندوق در صندوق,4200555939836,0.00016
1405-Q1,بهار 1405,سبد گردان کاریزما,مختلط,17161098261124,0.000654
1405-Q1,بهار 1405,سبد گردان کاریزما,کالایی,493516440969858,0.018815
1405-Q1,بهار 1405,سبدگردان آگاه,املاک و مستغلات,5909895756344,0.000225
1405-Q1,بهار 1405,سبدگردان آگاه,اهرمی,66933609285302,0.002552
1405-Q1,بهار 1405,سبدگردان آگاه,بازنشستگی,11067513687339,0.000422
1405-Q1,بهار 1405,سبدگردان آگاه,بخشی,42833419444950,0.001633
1405-Q1,بهار 1405,سبدگردان آگاه,درآمد ثابت,620348349505409,0.023651
1405-Q1,بهار 1405,سبدگردان آگاه,سهامی,92486050330195,0.003526
1405-Q1,بهار 1405,سبدگردان آگاه,مختلط,754131920232,2.9e-05
1405-Q1,بهار 1405,سبدگردان آگاه,کالایی,322736662399205,0.012304
1405-Q1,بهار 1405,سبدگردان توسعه فیروزه,اهرمی,176198266705152,0.006718
1405-Q1,بهار 1405,سبدگردان توسعه فیروزه,بخشی,33248338385034,0.001268
1405-Q1,بهار 1405,سبدگردان توسعه فیروزه,جسورانه,611384950041,2.3e-05
1405-Q1,بهار 1405,سبدگردان توسعه فیروزه,خصوصی,1343754895155,5.1e-05
1405-Q1,بهار 1405,سبدگردان توسعه فیروزه,درآمد ثابت,350978180040774,0.013381
1405-Q1,بهار 1405,سبدگردان توسعه فیروزه,سهامی,18406855298345,0.000702
1405-Q1,بهار 1405,سبدگردان توسعه فیروزه,شاخصی,17882662787644,0.000682
1405-Q1,بهار 1405,سبدگردان توسعه فیروزه,کالایی,144525598535480,0.00551
1405-Q1,بهار 1405,سبدگردان فارابی,اهرمی,85656401476324,0.003266
1405-Q1,بهار 1405,سبدگردان فارابی,بخشی,6058096922645,0.000231
1405-Q1,بهار 1405,سبدگردان فارابی,درآمد ثابت,310551498236015,0.01184
1405-Q1,بهار 1405,سبدگردان فارابی,سهامی,21852434083905,0.000833
1405-Q1,بهار 1405,سبدگردان فارابی,کالایی,93709591338293,0.003573
1405-Q1,بهار 1405,سبدگردان مفید,اهرمی,129346306817747,0.004931
1405-Q1,بهار 1405,سبدگردان مفید,بازنشستگی,47636303062145,0.001816
1405-Q1,بهار 1405,سبدگردان مفید,بخشی,103952012539994,0.003963
1405-Q1,بهار 1405,سبدگردان مفید,تضمین اصل سرمایه,25372613029205,0.000967
1405-Q1,بهار 1405,سبدگردان مفید,درآمد ثابت,1960935465745274,0.074761
1405-Q1,بهار 1405,سبدگردان مفید,سهامی,431281987443052,0.016443
1405-Q1,بهار 1405,سبدگردان مفید,شاخصی,32328060545636,0.001233
1405-Q1,بهار 1405,سبدگردان مفید,مختلط,3540638190580,0.000135
1405-Q1,بهار 1405,سبدگردان مفید,کالایی,2009542206968393,0.076614
1405-Q1,بهار 1405,مشاور سرمایه گذاری ترنج,اهرمی,77650195070667,0.00296
1405-Q1,بهار 1405,مشاور سرمایه گذاری ترنج,درآمد ثابت,407416785020205,0.015533
1405-Q1,بهار 1405,مشاور سرمایه گذاری ترنج,سهامی,56085642370120,0.002138
1405-Q1,بهار 1405,مشاور سرمایه گذاری ترنج,صندوق در صندوق,10192242863435,0.000389
1405-Q1,بهار 1405,مشاور سرمایه گذاری ترنج,مختلط,61191673480799,0.002333
1405-Q1,بهار 1405,مشاور سرمایه گذاری ترنج,کالایی,71407639074761,0.002722
1405-Q2,تابستان 1405,سایر مدیران,املاک و مستغلات,112098282744888,0.004022
1405-Q2,تابستان 1405,سایر مدیران,اهرمی,56290285029299,0.002019
1405-Q2,تابستان 1405,سایر مدیران,بازنشستگی,40246849758704,0.001444
1405-Q2,تابستان 1405,سایر مدیران,بخشی,898278654607515,0.032226
1405-Q2,تابستان 1405,سایر مدیران,تضمین اصل سرمایه,28201735699288,0.001012
1405-Q2,تابستان 1405,سایر مدیران,جسورانه,7421667277203,0.000266
1405-Q2,تابستان 1405,سایر مدیران,خصوصی,20485593258849,0.000735
1405-Q2,تابستان 1405,سایر مدیران,درآمد ثابت,12273493365423336,0.440314
1405-Q2,تابستان 1405,سایر مدیران,سهامی,598520755343814,0.021472
1405-Q2,تابستان 1405,سایر مدیران,شاخصی,35725562044952,0.001282
1405-Q2,تابستان 1405,سایر مدیران,صندوق در صندوق,17710695092944,0.000635
1405-Q2,تابستان 1405,سایر مدیران,مختلط,36083091496551,0.001294
1405-Q2,تابستان 1405,سایر مدیران,پروژه‌ای,28407753011412,0.001019
1405-Q2,تابستان 1405,سایر مدیران,کالایی,3189602686098589,0.114428
1405-Q2,تابستان 1405,سبد گردان اقتصاد بیدار,اهرمی,103852127415090,0.003726
1405-Q2,تابستان 1405,سبد گردان اقتصاد بیدار,درآمد ثابت,517588673812654,0.018569
1405-Q2,تابستان 1405,سبد گردان اقتصاد بیدار,سهامی,23403730107880,0.00084
1405-Q2,تابستان 1405,سبد گردان اقتصاد بیدار,کالایی,88386583985000,0.003171
1405-Q2,تابستان 1405,سبد گردان کاریزما,املاک و مستغلات,7606829534645,0.000273
1405-Q2,تابستان 1405,سبد گردان کاریزما,اهرمی,269640173930529,0.009673
1405-Q2,تابستان 1405,سبد گردان کاریزما,بازنشستگی,9140205111284,0.000328
1405-Q2,تابستان 1405,سبد گردان کاریزما,بخشی,16184678620111,0.000581
1405-Q2,تابستان 1405,سبد گردان کاریزما,تضمین اصل سرمایه,7170895796936,0.000257
1405-Q2,تابستان 1405,سبد گردان کاریزما,درآمد ثابت,659890443661029,0.023674
1405-Q2,تابستان 1405,سبد گردان کاریزما,سهامی,15765055903470,0.000566
1405-Q2,تابستان 1405,سبد گردان کاریزما,شاخصی,9316985471207,0.000334
1405-Q2,تابستان 1405,سبد گردان کاریزما,صندوق در صندوق,4003499821811,0.000144
1405-Q2,تابستان 1405,سبد گردان کاریزما,مختلط,17420472761439,0.000625
1405-Q2,تابستان 1405,سبد گردان کاریزما,کالایی,62539189325633,0.002244
1405-Q2,تابستان 1405,سبدگردان آگاه,املاک و مستغلات,5922078189299,0.000212
1405-Q2,تابستان 1405,سبدگردان آگاه,اهرمی,86666735924939,0.003109
1405-Q2,تابستان 1405,سبدگردان آگاه,بازنشستگی,11654809244398,0.000418
1405-Q2,تابستان 1405,سبدگردان آگاه,بخشی,39349398594518,0.001412
1405-Q2,تابستان 1405,سبدگردان آگاه,درآمد ثابت,692144451104502,0.024831
1405-Q2,تابستان 1405,سبدگردان آگاه,سهامی,93477739875411,0.003354
1405-Q2,تابستان 1405,سبدگردان آگاه,مختلط,769663438256,2.8e-05
1405-Q2,تابستان 1405,سبدگردان آگاه,کالایی,380668976563891,0.013657
1405-Q2,تابستان 1405,سبدگردان توسعه فیروزه,اهرمی,200636339334974,0.007198
1405-Q2,تابستان 1405,سبدگردان توسعه فیروزه,بخشی,30766023583925,0.001104
1405-Q2,تابستان 1405,سبدگردان توسعه فیروزه,جسورانه,610925002333,2.2e-05
1405-Q2,تابستان 1405,سبدگردان توسعه فیروزه,خصوصی,1342396261223,4.8e-05
1405-Q2,تابستان 1405,سبدگردان توسعه فیروزه,درآمد ثابت,371536638630608,0.013329
1405-Q2,تابستان 1405,سبدگردان توسعه فیروزه,سهامی,17429107050551,0.000625
1405-Q2,تابستان 1405,سبدگردان توسعه فیروزه,شاخصی,13486451761378,0.000484
1405-Q2,تابستان 1405,سبدگردان توسعه فیروزه,کالایی,167224071097906,0.005999
1405-Q2,تابستان 1405,سبدگردان فارابی,اهرمی,90707752268439,0.003254
1405-Q2,تابستان 1405,سبدگردان فارابی,بخشی,5718696764663,0.000205
1405-Q2,تابستان 1405,سبدگردان فارابی,درآمد ثابت,355675996061099,0.01276
1405-Q2,تابستان 1405,سبدگردان فارابی,سهامی,21076753100770,0.000756
1405-Q2,تابستان 1405,سبدگردان فارابی,کالایی,109674332558611,0.003935
1405-Q2,تابستان 1405,سبدگردان مفید,اهرمی,127705096100554,0.004581
1405-Q2,تابستان 1405,سبدگردان مفید,بازنشستگی,51362825675829,0.001843
1405-Q2,تابستان 1405,سبدگردان مفید,بخشی,106715480262598,0.003828
1405-Q2,تابستان 1405,سبدگردان مفید,تضمین اصل سرمایه,21918357485963,0.000786
1405-Q2,تابستان 1405,سبدگردان مفید,درآمد ثابت,2114554590421973,0.07586
1405-Q2,تابستان 1405,سبدگردان مفید,سهامی,406977645397030,0.0146
1405-Q2,تابستان 1405,سبدگردان مفید,شاخصی,28458493545898,0.001021
1405-Q2,تابستان 1405,سبدگردان مفید,مختلط,3382485018965,0.000121
1405-Q2,تابستان 1405,سبدگردان مفید,کالایی,2405086126811470,0.086283
1405-Q2,تابستان 1405,مشاور سرمایه گذاری ترنج,اهرمی,102765589836144,0.003687
1405-Q2,تابستان 1405,مشاور سرمایه گذاری ترنج,درآمد ثابت,435548917651875,0.015625
1405-Q2,تابستان 1405,مشاور سرمایه گذاری ترنج,سهامی,51234357969785,0.001838
1405-Q2,تابستان 1405,مشاور سرمایه گذاری ترنج,صندوق در صندوق,9075812613471,0.000326
1405-Q2,تابستان 1405,مشاور سرمایه گذاری ترنج,مختلط,62175087383389,0.002231
1405-Q2,تابستان 1405,مشاور سرمایه گذاری ترنج,کالایی,96416840354369,0.003459
